,pop,SNP_count,tot_observed_sites,mito_snps,germline_count,SNP_count_de_novo,SNP_count_de_novo_singletons
GTGAGACTAGGATGGTCACTACTCAGGACATCAAGGACATCGTCA,P_0,827608.0,17997691,36.0,447467.0,380141.0,298635.0
CGCTAGTTAGGAGTCTGCTAACTCGGAACTGTAAGGGTGACTCTA,P_2,779186.0,17808062,37.0,447151.0,332035.0,258411.0
GTAATGCCAGGACGACAAGAACTCACAGTAGCAAGGGTGACTCTA,P_2,638697.0,15118803,39.0,373111.0,265586.0,204679.0
ACCTCGTAAGGATACAGCAGACTCGGAACTGTAAGGCGGTTGATA,P_5,610847.0,13913853,36.0,348079.0,262768.0,203837.0
CGGTAGAAAGGAACCTTCAGACTCTCTGCTTGAAGGTTGACCACA,P_3,587860.0,14001095,36.0,338628.0,249232.0,190088.0
ATACGACCAGGAAACGATGGACTCCGAACTTGAAGGGTGACTCTA,P_2,567619.0,13333728,38.0,326604.0,241015.0,186429.0
CAACCAACAGGAGTCTGCTAACTCAGAATGCCAAGGGTGACTCTA,P_2,530062.0,12420454,44.0,301926.0,228136.0,177028.0
CGCTAGTTAGGAAACTGCTCACTCTCTGCTTGAAGGGTCGGTAAA,P_4,481472.0,11545771,37.0,278648.0,202824.0,152446.0
ACTAACCGAGGAAGATGGTCACTCTCTGGAACAAGGGTCCGATTA,P_5,473619.0,11160777,39.0,271866.0,201753.0,156720.0
GTAATGCCAGGAAGGCTAACACTCGCAATGACAAGGCTGTGAACA,P_0,464839.0,11039718,39.0,269355.0,195484.0,149061.0
GGTCTCATAGGAGGACGAATACTCAGCATTGGAAGGGTCCGATTA,P_5,461574.0,11004465,38.0,267390.0,194184.0,150875.0
CAACCAACAGGAAGGCATTGACTCCGAACTTGAAGGTGACAGTGA,P_4,448759.0,10537220,43.0,252276.0,196483.0,149692.0
TGTGGTTGAGGACGCTACTAACTCCGCCAATAAAGGTGACAGTGA,P_4,443892.0,10693833,38.0,254434.0,189458.0,143611.0
GTGTAAGCAGGAAACGATGGACTCCGCCAATAAAGGCGACCTATA,P_3,433795.0,10482154,43.0,254537.0,179258.0,134454.0
AAGGCTTGAGGACGACAAGAACTCCGCCAATAAAGGGTAACCGAA,P_5,431264.0,10296326,42.0,249919.0,181345.0,137414.0
CAACTTGCAGGAAGGCTAACACTCAGCATTGGAAGGGTGACTCTA,P_2,419674.0,10152752,44.0,245014.0,174660.0,133553.0
TATCAGCCAGGAAGACCGATACTCAGACGAACAAGGGTGACTCTA,P_2,419432.0,10121046,38.0,242350.0,177082.0,136074.0
GTAATGCCAGGAAGGCATTGACTCGCAATGACAAGGGTCCGATTA,P_5,416091.0,9883823,43.0,237178.0,178913.0,140705.0
CAACCAACAGGAGGACGAATACTCTCTGCTTGAAGGGTCGGTAAA,P_4,407203.0,9685189,38.0,230520.0,176683.0,132899.0
TACCACAGAGGAAGACCGATACTCCATCGTTGAAGGGTGACTCTA,P_2,392072.0,9513372,41.0,228299.0,163773.0,126079.0
AGGTCCAAAGGAGGAACCAAACTCCGCCAATAAAGGGTCCGATTA,P_5,388505.0,9453274,39.0,229121.0,159384.0,122402.0
CAACCAACAGGAAACGATGGACTCCACCATCTAAGGGTGACTCTA,P_2,382507.0,9513371,41.0,228725.0,153782.0,116839.0
TGTGGTTGAGGAAACGATGGACTCCGCCAATAAAGGGTGACTCTA,P_2,381768.0,9223590,37.0,221569.0,160199.0,122369.0
TACCACAGAGGACGCTACTAACTCAGACGAACAAGGTGGTCTCAA,P_1,381386.0,9254796,41.0,222621.0,158765.0,122043.0
ATACGACCAGGAGGAACCAAACTCGCAATGACAAGGCACTGACAA,P_4,377347.0,9163878,39.0,217172.0,160175.0,121226.0
CGCTAGTTAGGAAACTGCTCACTCGCAATGACAAGGGTGACTCTA,P_2,375284.0,9231053,37.0,222521.0,152763.0,114446.0
ATCGACAGAGGAGGAACCAAACTCCGAACTTGAAGGTCCAGGATA,P_1,375200.0,8624212,42.0,208057.0,167143.0,132710.0
GTGGTGATAGGACGCTACTAACTCAGGTCGTAAAGGGTGACTCTA,P_2,373531.0,8939677,39.0,215273.0,158258.0,120305.0
AGGTCCAAAGGACCATACGAACTCGTGTGATGAAGGGTCGGTAAA,P_4,371640.0,8993156,45.0,211144.0,160496.0,122177.0
CAACCAACAGGATGGTCACTACTCGTGTGATGAAGGGTGACTCTA,P_2,372269.0,9015453,38.0,216194.0,156075.0,119960.0
GTAATGCCAGGAAACGATGGACTCCGAACTTGAAGGGTCCGATTA,P_5,372846.0,8948199,40.0,217078.0,155768.0,120940.0
ATACGACCAGGACGACATTCACTCAGCATTGGAAGGGACAGCATA,P_5,371046.0,8818178,35.0,211392.0,159654.0,125007.0
CAACCAACAGGACGACATTCACTCGGAACTGTAAGGGTCCGATTA,P_5,370286.0,9076474,40.0,215414.0,154872.0,119971.0
ATATGCGGAGGACGACAAGAACTCTCTGCTTGAAGGGTCGGTAAA,P_4,364234.0,8843586,46.0,210022.0,154212.0,115689.0
GGTCTCATAGGAAACGATGGACTCGGAACTGTAAGGGTGACTCTA,P_2,363617.0,8826184,39.0,210617.0,153000.0,117129.0
GTGGTGATAGGAAAGGTGACACTCTCCAGTCTAAGGGACAGCATA,P_5,363676.0,8709409,41.0,211243.0,152433.0,117398.0
CAACCAACAGGAAACGATGGACTCCACCATCTAAGGGACAGCATA,P_5,360091.0,8975218,40.0,217165.0,142926.0,109168.0
TACCACAGAGGATTCGGTAGACTCCACCATCTAAGGGTGACTCTA,P_2,356088.0,8948241,38.0,214908.0,141180.0,106567.0
GTGTAAGCAGGAAACTGCTCACTCAGCATTGGAAGGCGGTTGATA,P_5,355562.0,8327286,37.0,201823.0,153739.0,119553.0
ACTAACCGAGGAGGAACCAAACTCGCTGGATAAAGGCGGTTGATA,P_5,351744.0,8450151,40.0,203153.0,148591.0,114012.0
CGCTAGTTAGGAAGGCTAACACTCAGCATTGGAAGGGTGACTCTA,P_2,351673.0,8851689,42.0,211946.0,139727.0,106348.0
GTGTAAGCAGGACGACAAGAACTCGCAATGACAAGGGTGACTCTA,P_2,350449.0,8496748,41.0,204964.0,145485.0,110174.0
GTGGTGATAGGAAGACCGATACTCAGACGAACAAGGGTCCGATTA,P_5,349600.0,8469118,39.0,203863.0,145737.0,112757.0
GTAATGCCAGGAAGGCATTGACTCACAGTAGCAAGGGTGACTCTA,P_2,343610.0,8199804,39.0,196492.0,147118.0,113213.0
GGTCTCATAGGAGATACCGAACTCTACAACCGAAGGGTGACTCTA,P_2,343272.0,8278122,47.0,198029.0,145243.0,111636.0
AGGTCCAAAGGACGCTACTAACTCAGCATTGGAAGGGTCCGATTA,P_5,342993.0,8317524,37.0,200393.0,142600.0,110130.0
CGGTAGAAAGGACGACAAGAACTCCATCGTTGAAGGGTGACTCTA,P_2,341013.0,8197263,40.0,196904.0,144109.0,109449.0
TATCAGCCAGGAGGACGAATACTCAGACGAACAAGGGTGACTCTA,P_2,340454.0,8377185,40.0,202179.0,138275.0,104800.0
GTGTAAGCAGGATTGGTAGCACTCAGCATTGGAAGGGTCCGATTA,P_5,340295.0,8198160,45.0,197531.0,142764.0,110490.0
TACCACAGAGGAAGATGGTCACTCACAGTAGCAAGGGTGACTCTA,P_2,336831.0,8145290,40.0,193292.0,143539.0,109515.0
GTAATGCCAGGAGGAACCAAACTCCACCATCTAAGGGTGACTCTA,P_2,335144.0,8152542,38.0,193906.0,141238.0,107797.0
ATCGACAGAGGATTGGTAGCACTCCAGGTGAAAAGGCGGTTGATA,P_5,336055.0,8158935,43.0,196734.0,139321.0,106395.0
ACCTCGTAAGGATTCGGTAGACTCCACCATCTAAGGGTTACGGTA,P_0,334412.0,8082569,38.0,191369.0,143043.0,112952.0
AATGGCAGAGGACGACATTCACTCAGACGAACAAGGGTGACTCTA,P_2,332755.0,8248115,39.0,194839.0,137916.0,104090.0
GTGGTGATAGGAAGGCATTGACTCACAGTAGCAAGGGTGACTCTA,P_2,331882.0,7919049,41.0,187765.0,144117.0,110376.0
GTGAGACTAGGATACAGCAGACTCTACAACCGAAGGGTCCGATTA,P_5,331470.0,8084442,43.0,193702.0,137768.0,106833.0
TATCAGCCAGGAACCTTCAGACTCTGCTATGGAAGGGACAGCATA,P_5,330591.0,8040174,38.0,189302.0,141289.0,111236.0
GGTTGATGAGGAAGGCTAACACTCCGCCAATAAAGGGTGACTCTA,P_2,329197.0,8076189,44.0,191963.0,137234.0,104297.0
TATCAGCCAGGAAGACCGATACTCAGAATGCCAAGGCGGTTGATA,P_5,329400.0,7872565,45.0,189805.0,139595.0,107632.0
GTGAGACTAGGACACCTTGAACTCAGCATTGGAAGGGTGACTCTA,P_2,327275.0,7851413,37.0,188269.0,139006.0,105876.0
TATCCGGTAGGAGGACGAATACTCCGCCAATAAAGGGTGACTCTA,P_2,324560.0,7983152,39.0,191912.0,132648.0,100384.0
TATCAGCCAGGAAACTGCTCACTCGGAACTGTAAGGGTGACTCTA,P_2,324764.0,8059934,42.0,191754.0,133010.0,102207.0
GTGGTGATAGGAAGACCGATACTCAGAATGCCAAGGGTCGGTAAA,P_4,321765.0,7821596,42.0,184179.0,137586.0,103299.0
ATATGCGGAGGAAACTGCTCACTCAGGACATCAAGGGTGACTCTA,P_2,321128.0,7818213,39.0,187920.0,133208.0,101502.0
CAACCAACAGGATTGGTAGCACTCTCTGCTTGAAGGGTGACTCTA,P_2,321065.0,7859930,41.0,189735.0,131330.0,100094.0
AAGGCTTGAGGAAGATGGTCACTCGCAATGACAAGGGATGGTCTA,P_3,320116.0,7764902,46.0,186582.0,133534.0,101333.0
TGTGGTTGAGGACTTCAGCAACTCGTGTGATGAAGGGTCGGTAAA,P_4,318052.0,7761803,45.0,184714.0,133338.0,99915.0
TATCAGCCAGGAACCTTCAGACTCGGAACTGTAAGGCGGTTGATA,P_5,316974.0,7640869,40.0,182684.0,134290.0,103776.0
GTGAGACTAGGAGATACCGAACTCCGCCAATAAAGGCGACCTATA,P_2,316027.0,7821358,41.0,186732.0,129295.0,99006.0
TACCACAGAGGACGACAAGAACTCTACAACCGAAGGCGACCTATA,P_3,314891.0,7809462,44.0,186360.0,128531.0,97350.0
ACCTCGTAAGGAAACTGCTCACTCAGAATGCCAAGGTTGGATGCA,P_0,315858.0,7939459,42.0,188859.0,126999.0,96701.0
GGTCATTGAGGACGCTACTAACTCAGGTCGTAAAGGGTGACTCTA,P_2,314909.0,7665508,39.0,184012.0,130897.0,99723.0
TATCCGGTAGGAAAGGTGACACTCGGAACTGTAAGGGTCCGATTA,P_5,312825.0,7639928,37.0,184581.0,128244.0,98290.0
CAACCAACAGGAAACTGCTCACTCGGAACTGTAAGGGTCGGTAAA,P_4,311465.0,7628463,51.0,177789.0,133676.0,100997.0
GGTCTCATAGGAATGGTGTGACTCCACCATCTAAGGACATCGTCA,P_0,311193.0,7485791,43.0,176954.0,134239.0,103628.0
CAACTTGCAGGAAGACCGATACTCCACCATCTAAGGGTGACTCTA,P_2,310874.0,7489265,41.0,177969.0,132905.0,101590.0
CAACCAACAGGAAGACCGATACTCGCAATGACAAGGCTGTGAACA,P_0,309316.0,7281236,44.0,173002.0,136314.0,106632.0
ATATGCGGAGGAAAGGTGACACTCTGCTATGGAAGGCGGTTGATA,P_5,310077.0,7760736,47.0,187451.0,122626.0,92446.0
TATCAGCCAGGAGTCTGCTAACTCCATCGTTGAAGGGTCCGATTA,P_5,308535.0,7390863,40.0,177584.0,130951.0,101056.0
GTGAGACTAGGAGGACGAATACTCAGACGAACAAGGGTCGGTAAA,P_4,305482.0,7500607,40.0,176264.0,129218.0,96891.0
AAGGCTTGAGGATTCGGTAGACTCTACAACCGAAGGGTCCGATTA,P_5,304110.0,7535023,42.0,179410.0,124700.0,94948.0
CAACCAACAGGAGTCTGCTAACTCAGAATGCCAAGGGTCCGATTA,P_5,303956.0,7340516,44.0,172250.0,131706.0,104309.0
CGGTAGAAAGGACGCTACTAACTCCGAACTTGAAGGGTCGGTAAA,P_4,302171.0,7290101,44.0,171896.0,130275.0,98462.0
CGGTAGAAAGGAAGGCATTGACTCCACCATCTAAGGGTGACTCTA,P_2,302712.0,7357515,55.0,174451.0,128261.0,99702.0
ATCGACAGAGGATACAGCAGACTCGCTGGATAAAGGGATGGTCTA,P_3,300597.0,7174100,41.0,170908.0,129689.0,98696.0
AGGTCCAAAGGAGGACGAATACTCCGAACTTGAAGGGTGACTCTA,P_2,298228.0,7483981,38.0,178707.0,119521.0,89937.0
CGACAGTAAGGACGACATTCACTCCGCCAATAAAGGTGGTCTCAA,P_1,298075.0,7514888,35.0,174746.0,123329.0,95891.0
TGTGGTTGAGGACGCTACTAACTCGCAATGACAAGGTGGTCTCAA,P_1,298022.0,7138543,50.0,169792.0,128230.0,99867.0
AGGTCCAAAGGACTGCTCAAACTCAGGTCGTAAAGGGTGACTCTA,P_2,296914.0,7249195,49.0,172787.0,124127.0,94663.0
GTGAGACTAGGATTGGTAGCACTCAGAATGCCAAGGGTCCGATTA,P_5,297335.0,7322414,43.0,173823.0,123512.0,96068.0
GGTCTCATAGGACGACATTCACTCCGAACTTGAAGGGTCGGTAAA,P_4,295985.0,7254751,38.0,169999.0,125986.0,96085.0
GTGGTGATAGGAAAGGTGACACTCTGCTATGGAAGGGTGACTCTA,P_2,296217.0,7279501,40.0,174428.0,121789.0,92266.0
TGTGGTTGAGGACGCTACTAACTCTCCAGTCTAAGGGTCCGATTA,P_5,291437.0,7125268,40.0,169951.0,121486.0,93914.0
GTGGTGATAGGACGACAAGAACTCTCCAGTCTAAGGGTCCGATTA,P_5,290889.0,7065783,38.0,168624.0,122265.0,94597.0
CAACTTGCAGGAGTCTGCTAACTCCGAACTTGAAGGGTGACTCTA,P_2,289002.0,7402986,41.0,174330.0,114672.0,86974.0
TACCACAGAGGATGGTCACTACTCAGACACCAAAGGGTCGGTAAA,P_4,288298.0,7088586,44.0,164836.0,123462.0,93240.0
CGCTAGTTAGGAGGACGAATACTCGGAACTGTAAGGCGGTTGATA,P_5,288805.0,7004567,39.0,168370.0,120435.0,92949.0
GTAATGCCAGGAAAGGTGACACTCCGAACTTGAAGGGATGGTCTA,P_3,288128.0,7037586,41.0,168925.0,119203.0,91298.0
GGTCATTGAGGATGGTCACTACTCCACCATCTAAGGCGACCTATA,P_3,287732.0,7221796,38.0,170520.0,117212.0,89045.0
TGTGGTTGAGGATTCGGTAGACTCCATCGTTGAAGGGTCGGTAAA,P_4,285606.0,7108542,38.0,164769.0,120837.0,89971.0
TACCACAGAGGAAGGCATTGACTCGCAATGACAAGGGTGACTCTA,P_2,286430.0,6917709,47.0,162930.0,123500.0,93931.0
GTGGTGATAGGAAGACCGATACTCCATCGTTGAAGGCGGTTGATA,P_5,286481.0,7030466,46.0,165972.0,120509.0,93866.0
ATATGCGGAGGAAACGATGGACTCAGAATGCCAAGGGTCGGTAAA,P_4,284024.0,6638377,46.0,160390.0,123634.0,92793.0
TACCACAGAGGAAGACCGATACTCCGCCAATAAAGGCGGTTGATA,P_5,283586.0,7022465,38.0,164834.0,118752.0,92090.0
TACCACAGAGGAAGGCATTGACTCTCCAGTCTAAGGGTGACTCTA,P_2,282097.0,6807240,43.0,160003.0,122094.0,93690.0
GTAATGCCAGGAAGACCGATACTCGGAACTGTAAGGCGGTTGATA,P_5,283086.0,7012138,39.0,166120.0,116966.0,90696.0
TACCACAGAGGACGACATTCACTCCGCCAATAAAGGGTCGGTAAA,P_4,280338.0,7050920,37.0,164899.0,115439.0,87674.0
CAACTTGCAGGAACCTTCAGACTCAGAATGCCAAGGGTCCGATTA,P_5,281251.0,6923109,39.0,165580.0,115671.0,91056.0
CGGTAGAAAGGACGCTACTAACTCGCAATGACAAGGGTTACGGTA,P_0,279571.0,6983245,45.0,165560.0,114011.0,87105.0
CGGTAGAAAGGAAACGATGGACTCTACAACCGAAGGCACTGACAA,P_4,277585.0,6889885,40.0,158838.0,118747.0,90116.0
TATCCGGTAGGAGTCTGCTAACTCTCTGCTTGAAGGGTGACTCTA,P_2,277539.0,6774303,45.0,160734.0,116805.0,89711.0
ATATGCGGAGGAGGAACCAAACTCAGGTCGTAAAGGTGGTCTCAA,P_1,275793.0,6666482,44.0,158176.0,117617.0,88519.0
TATCCGGTAGGATTCGGTAGACTCCGAACTTGAAGGGTAACCGAA,P_5,275659.0,6724414,40.0,161487.0,114172.0,87702.0
AATGGCAGAGGAGTCTGCTAACTCAGACGAACAAGGGTCGGTAAA,P_4,274657.0,6796989,49.0,157371.0,117286.0,88562.0
TATCAGCCAGGACGCTACTAACTCTCCAGTCTAAGGGTGACTCTA,P_2,274273.0,6729397,45.0,158860.0,115413.0,88471.0
AGGTCCAAAGGAAACGATGGACTCACAGTAGCAAGGGTGACTCTA,P_2,274130.0,6739432,37.0,157556.0,116574.0,89515.0
TATCAGCCAGGAGATACCGAACTCAGAATGCCAAGGTTGGATGCA,P_0,274046.0,6740917,41.0,160109.0,113937.0,87424.0
GTGAGACTAGGAAGACCGATACTCAGACACCAAAGGCGACCTATA,P_3,273390.0,6693607,40.0,155805.0,117585.0,89003.0
TATCAGCCAGGAAACTGCTCACTCTACAACCGAAGGGTGACTCTA,P_2,272624.0,6680815,38.0,157874.0,114750.0,87449.0
GGTCATTGAGGACGACAAGAACTCTCTGCTTGAAGGGTGACTCTA,P_2,272174.0,6655312,42.0,156488.0,115686.0,88810.0
GTGTAAGCAGGAAAGGTGACACTCGGAACTGTAAGGCACTGACAA,P_4,270706.0,6651547,38.0,154036.0,116670.0,87985.0
ATATGCGGAGGAAGACCGATACTCGGAACTGTAAGGGTGACTCTA,P_2,271093.0,6591491,40.0,156192.0,114901.0,87329.0
AGGTCCAAAGGAGTCTGCTAACTCTCTGCTTGAAGGGTCGGTAAA,P_4,269577.0,6618543,37.0,155417.0,114160.0,85067.0
GTGAGACTAGGAGATACCGAACTCCATCGTTGAAGGGTCGGTAAA,P_2,269215.0,6600548,45.0,153407.0,115808.0,86819.0
ACCTCGTAAGGAGTCTGCTAACTCTAACGGAGAAGGGTGACTCTA,P_2,269926.0,6671716,44.0,160067.0,109859.0,83748.0
ACCTCGTAAGGAGTCTGCTAACTCTCTGCTTGAAGGGTCCGATTA,P_5,270184.0,6622533,37.0,158480.0,111704.0,86038.0
AGGTCCAAAGGATTGGTAGCACTCCACCATCTAAGGGTCCGATTA,P_5,268422.0,6601874,37.0,155998.0,112424.0,87579.0
GTGTAAGCAGGATTGGTAGCACTCTCTGGAACAAGGGTGACTCTA,P_2,267622.0,6721986,38.0,159856.0,107766.0,80740.0
GTGAGACTAGGAGTCTGCTAACTCGCTGGATAAAGGGTCCGATTA,P_5,268111.0,6245873,36.0,153960.0,114151.0,90090.0
TATCAGCCAGGATTGGTAGCACTCACAGTAGCAAGGGTGACTCTA,P_2,266943.0,6560428,37.0,153382.0,113561.0,87799.0
GTGAGACTAGGATTGGTAGCACTCACAGTAGCAAGGGTGACTCTA,P_2,266575.0,6512660,51.0,153200.0,113375.0,84968.0
TATCAGCCAGGACGACATTCACTCAGAATGCCAAGGTGACAGTGA,P_4,266061.0,6523421,38.0,153527.0,112534.0,85048.0
ATACGACCAGGAAGACCGATACTCTACAACCGAAGGGATGGTCTA,P_3,266046.0,6643411,42.0,155168.0,110878.0,84541.0
TACCACAGAGGACTTCAGCAACTCCACCATCTAAGGGTGACTCTA,P_2,265740.0,6747253,40.0,160406.0,105334.0,78591.0
CGGTAGAAAGGAAGATGGTCACTCCGCCAATAAAGGCGGTTGATA,P_5,265921.0,6451872,41.0,152253.0,113668.0,87349.0
TGTGGTTGAGGAAGGCATTGACTCAGAATGCCAAGGGTGACTCTA,P_2,265553.0,6437588,42.0,153011.0,112542.0,85507.0
GGTCATTGAGGAAACTGCTCACTCGGAACTGTAAGGGTGACTCTA,P_2,265298.0,6497646,44.0,152486.0,112812.0,86043.0
CAACCAACAGGATACAGCAGACTCCATCGTTGAAGGCACTGACAA,P_4,264682.0,6515299,49.0,152217.0,112465.0,84608.0
GTGTAAGCAGGAAGGCTAACACTCCGCCAATAAAGGGTGACTCTA,P_2,264910.0,6468940,41.0,151258.0,113652.0,86876.0
TATCAGCCAGGACGACATTCACTCAGCATTGGAAGGCGACCTATA,P_3,264458.0,6146810,46.0,154759.0,109699.0,85994.0
CAACCAACAGGAGGAACCAAACTCGCTGGATAAAGGGTCGGTAAA,P_4,263556.0,6470023,39.0,151605.0,111951.0,83573.0
GTGAGACTAGGAAGACCGATACTCTAACGGAGAAGGCGACCTATA,P_3,263247.0,6610248,42.0,156362.0,106885.0,79062.0
GTGAGACTAGGAAACGATGGACTCGCTGGATAAAGGTTGGATGCA,P_0,263706.0,6514826,38.0,154351.0,109355.0,83211.0
TACCACAGAGGAGGAACCAAACTCTAACGGAGAAGGGTCGGTAAA,P_4,261999.0,6619430,40.0,152575.0,109424.0,82594.0
TATCAGCCAGGAGGACGAATACTCCGCCAATAAAGGCGGTTGATA,P_5,262782.0,6475623,46.0,153999.0,108783.0,83771.0
TACCACAGAGGACACCTTGAACTCTGCTATGGAAGGCGGTTGATA,P_5,261586.0,6522014,41.0,154144.0,107442.0,82107.0
GTGGTGATAGGAAGATGGTCACTCTAACGGAGAAGGTGACAGTGA,P_4,260820.0,6562805,38.0,146989.0,113831.0,85146.0
AAGGCTTGAGGAGTCTGCTAACTCTGCTATGGAAGGACATCGTCA,P_0,260419.0,6380215,42.0,150624.0,109795.0,84091.0
AAGGCTTGAGGAAACGATGGACTCAGAATGCCAAGGGTCGGTAAA,P_4,258338.0,6410290,41.0,150595.0,107743.0,80026.0
ACCTCGTAAGGAAGACCGATACTCGCTGGATAAAGGGTCCGATTA,P_5,258943.0,6368537,37.0,149459.0,109484.0,84988.0
TGTGGTTGAGGACGACATTCACTCTCCAGTCTAAGGGTCGGTAAA,P_4,256146.0,6355167,38.0,148515.0,107631.0,80902.0
CGCTAGTTAGGACCATACGAACTCAGGTCGTAAAGGGTGACTCTA,P_2,256586.0,6399298,42.0,149070.0,107516.0,82413.0
ATATGCGGAGGATTGGTAGCACTCCGCCAATAAAGGCGACCTATA,P_3,256156.0,6415410,41.0,151671.0,104485.0,78411.0
TATCAGCCAGGATGGTCACTACTCCGCCAATAAAGGCGGTAAGTA,P_4,255161.0,6391452,42.0,148855.0,106306.0,79319.0
AAGGCTTGAGGAAACTGCTCACTCAGAATGCCAAGGGTCGGTAAA,P_4,254203.0,6322219,41.0,145763.0,108440.0,81555.0
GTGTAAGCAGGACGCTACTAACTCAGAATGCCAAGGGTCGGTAAA,P_4,252909.0,6346338,46.0,146012.0,106897.0,81305.0
TATCCGGTAGGAGGACGAATACTCAGCATTGGAAGGCTGTGAACA,P_0,253035.0,6121178,44.0,145504.0,107531.0,82285.0
GTAATGCCAGGACTTCAGCAACTCAGACGAACAAGGGTGACTCTA,P_2,252512.0,6394345,39.0,150149.0,102363.0,77258.0
TATCAGCCAGGAGGACGAATACTCAGGACATCAAGGGTGACTCTA,P_2,251910.0,6403337,41.0,150298.0,101612.0,77383.0
ATATGCGGAGGACGACAAGAACTCGCTGGATAAAGGGTGACTCTA,P_2,251786.0,5918257,36.0,139164.0,112622.0,86235.0
GTGAGACTAGGAGATACCGAACTCCGAACTTGAAGGGTCCGATTA,P_2,251992.0,6240473,37.0,144587.0,107405.0,82860.0
GGTCTCATAGGAATGGTGTGACTCAGGTCGTAAAGGGTGACTCTA,P_2,250874.0,6338383,40.0,149955.0,100919.0,76503.0
GTGAGACTAGGAAACGATGGACTCAGCATTGGAAGGCGGTTGATA,P_5,251351.0,6086438,38.0,145183.0,106168.0,81419.0
CGCTAGTTAGGAACCTTCAGACTCACAGTAGCAAGGTGACAGTGA,P_4,248798.0,6142452,45.0,144596.0,104202.0,78768.0
GTGGTGATAGGAAGACCGATACTCCGAACTTGAAGGGTCGGTAAA,P_4,248597.0,6140877,43.0,141730.0,106867.0,79648.0
GTGTAAGCAGGACGACAAGAACTCTGCTATGGAAGGGTGACTCTA,P_2,249218.0,6126865,43.0,144327.0,104891.0,79373.0
AGGTCCAAAGGACACCTTGAACTCTCCAGTCTAAGGTTGGATGCA,P_0,248794.0,6115683,57.0,143655.0,105139.0,80197.0
GGTTGATGAGGAAGGCTAACACTCTAACGGAGAAGGGTCGGTAAA,P_4,247560.0,6317434,35.0,145255.0,102305.0,76647.0
GTGAGACTAGGAATGGTGTGACTCAGGACATCAAGGGTGACTCTA,P_2,247019.0,6072911,48.0,141129.0,105890.0,81763.0
CAACCAACAGGACACCTTGAACTCGCTGGATAAAGGGTCCGATTA,P_5,246642.0,6078666,41.0,142490.0,104152.0,81134.0
AAGGCTTGAGGACGCTACTAACTCTCCAGTCTAAGGGTCGGTAAA,P_4,245144.0,6189536,38.0,143501.0,101643.0,75355.0
CGCTAGTTAGGAGGACGAATACTCGTGTGATGAAGGTTGATGGCA,P_2,245658.0,6058143,42.0,144464.0,101194.0,76494.0
CGGTAGAAAGGACTGCTCAAACTCCGCCAATAAAGGACATCGTCA,P_0,244217.0,6108828,48.0,142262.0,101955.0,78251.0
GTAATGCCAGGAAACGATGGACTCGGAACTGTAAGGTGGTCTCAA,P_1,243945.0,6064251,48.0,142540.0,101405.0,76160.0
GTGTAAGCAGGACTGCTCAAACTCAGACACCAAAGGCACTGACAA,P_4,242761.0,5991590,43.0,137256.0,105505.0,79566.0
CGGTAGAAAGGAGGACGAATACTCAGCATTGGAAGGCGGTTGATA,P_5,243362.0,6021218,37.0,140957.0,102405.0,79246.0
AGGTCCAAAGGATTCGGTAGACTCAGGTCGTAAAGGGTGACTCTA,P_2,242600.0,5918477,45.0,139605.0,102995.0,79014.0
GGTTGATGAGGAAACGATGGACTCCGCCAATAAAGGCGACCTATA,P_3,242868.0,6124572,43.0,144910.0,97958.0,72503.0
TACCACAGAGGACTTCAGCAACTCGGAACTGTAAGGTTGACCACA,P_3,242220.0,6106530,40.0,143177.0,99043.0,75080.0
CGCTAGTTAGGAGGACGAATACTCGCAATGACAAGGCGACCTATA,P_3,241664.0,5920117,43.0,140481.0,101183.0,76259.0
GTAATGCCAGGAAACGATGGACTCCGCCAATAAAGGGTTACGGTA,P_0,242208.0,5972812,41.0,142066.0,100142.0,76987.0
GTGAGACTAGGACCATACGAACTCTGCTATGGAAGGGTGACTCTA,P_2,241759.0,6051138,43.0,143321.0,98438.0,74231.0
GGTCTCATAGGACTGCTCAAACTCCATCGTTGAAGGGTCGGTAAA,P_4,240887.0,5997395,45.0,138490.0,102397.0,78291.0
GTAATGCCAGGAAACGATGGACTCAGACGAACAAGGCGACCTATA,P_3,241519.0,6278932,38.0,146191.0,95328.0,72389.0
TATCAGCCAGGATTCGGTAGACTCCGAACTTGAAGGACATCGTCA,P_0,241317.0,5847828,48.0,139390.0,101927.0,78229.0
GTGAGACTAGGACTGCTCAAACTCCGAACTTGAAGGCACTGACAA,P_4,240576.0,5970210,38.0,136846.0,103730.0,78208.0
GTGGTGATAGGAGGAACCAAACTCCATCGTTGAAGGGTGACTCTA,P_2,240961.0,5973289,42.0,140530.0,100431.0,75938.0
GTAATGCCAGGAGGACGAATACTCTACAACCGAAGGCACTGACAA,P_4,239987.0,5926110,45.0,136614.0,103373.0,78386.0
TGTGGTTGAGGAAGACCGATACTCCAGGTGAAAAGGCACTGACAA,P_4,239613.0,5958959,43.0,138009.0,101604.0,76460.0
CGCTAGTTAGGAAACTGCTCACTCAGGTCGTAAAGGACATCGTCA,P_0,240423.0,5943790,40.0,139173.0,101250.0,78684.0
AAGGCTTGAGGAAACGATGGACTCAGACACCAAAGGCGGTTGATA,P_5,239917.0,5852800,39.0,138443.0,101474.0,78649.0
GTGTAAGCAGGAGTCTGCTAACTCTACAACCGAAGGCGACCTATA,P_3,239421.0,5931403,54.0,140095.0,99326.0,74665.0
TACCACAGAGGACGACATTCACTCTAACGGAGAAGGCACTGACAA,P_4,238489.0,5839738,47.0,135751.0,102738.0,77048.0
AAGGCTTGAGGAAAGGTGACACTCTGCTATGGAAGGGTGACTCTA,P_2,238673.0,5878076,44.0,138315.0,100358.0,75574.0
ACTAACCGAGGAGGACGAATACTCGCAATGACAAGGGTGACTCTA,P_2,238275.0,6044178,41.0,145074.0,93201.0,70294.0
ATATGCGGAGGATTCGGTAGACTCCGAACTTGAAGGCACTGACAA,P_4,237576.0,5910957,47.0,136658.0,100918.0,75331.0
ATATGCGGAGGAACCTTCAGACTCTGCTATGGAAGGCGACCTATA,P_3,237499.0,5887539,43.0,136902.0,100597.0,76731.0
ATACGACCAGGATACAGCAGACTCTATGCGACAAGGGATGGTCTA,P_3,237061.0,5681973,40.0,136451.0,100610.0,75267.0
GGTCTCATAGGAAGACCGATACTCTATGCGACAAGGCACTGACAA,P_4,236753.0,5825764,48.0,136757.0,99996.0,75142.0
GTGAGACTAGGAAAGGTGACACTCTAACGGAGAAGGGTCGGTAAA,P_4,236415.0,5913894,42.0,137126.0,99289.0,73334.0
CAACCAACAGGAACCTTCAGACTCGCTGGATAAAGGTGACAGTGA,P_4,235192.0,5836336,42.0,134959.0,100233.0,76079.0
ATATGCGGAGGACTGCTCAAACTCACAGTAGCAAGGGTGACTCTA,P_2,235580.0,5756080,45.0,135575.0,100005.0,76229.0
CAACCAACAGGACGCTACTAACTCAGCATTGGAAGGGACAGCATA,P_5,235828.0,6016072,44.0,142629.0,93199.0,71751.0
CGCTAGTTAGGACGCTACTAACTCCACCATCTAAGGGTCCGATTA,P_5,235957.0,5772925,44.0,137477.0,98480.0,77176.0
GGTCTCATAGGAAACTGCTCACTCGCTGGATAAAGGCGACCTATA,P_3,234873.0,5856100,41.0,139516.0,95357.0,73192.0
GTGAGACTAGGACGCTACTAACTCAGCATTGGAAGGGTGACTCTA,P_2,234400.0,5958220,48.0,139441.0,94959.0,71998.0
TATCAGCCAGGAATGGTGTGACTCTCCAGTCTAAGGGTCGGTAAA,P_2,233675.0,5806065,44.0,136299.0,97376.0,72329.0
GTGGTGATAGGAATGGTGTGACTCCATCGTTGAAGGGTGACTCTA,P_2,234112.0,5881709,40.0,136650.0,97462.0,74847.0
CGGTAGAAAGGAACCTTCAGACTCAGCATTGGAAGGACATCGTCA,P_0,234070.0,5858962,47.0,137200.0,96870.0,74125.0
GTGGTGATAGGATGGTCACTACTCCGAACTTGAAGGGATGGTCTA,P_3,233777.0,5728239,42.0,135757.0,98020.0,74707.0
ACCTCGTAAGGAGGAACCAAACTCCATCGTTGAAGGCACTGACAA,P_4,233230.0,5874447,39.0,135713.0,97517.0,73934.0
GTGGTGATAGGATACAGCAGACTCAGACGAACAAGGCACTGACAA,P_4,233243.0,5788697,41.0,134660.0,98583.0,73607.0
CGGTAGAAAGGACGACAAGAACTCAGCATTGGAAGGGTCGGTAAA,P_4,232997.0,5881398,38.0,137580.0,95417.0,70699.0
AGGTCCAAAGGAAGACCGATACTCGCTGGATAAAGGCACTGACAA,P_4,232279.0,5785174,42.0,134254.0,98025.0,72667.0
ACCTCGTAAGGACGACATTCACTCGTGTGATGAAGGCACTGACAA,P_4,232346.0,5751061,40.0,134806.0,97540.0,73277.0
CGGTAGAAAGGAAACTGCTCACTCGCAATGACAAGGGTGACTCTA,P_2,232607.0,5760981,41.0,135998.0,96609.0,73590.0
GGTTGATGAGGAAGATGGTCACTCTCCAGTCTAAGGGTCCGATTA,P_5,232580.0,5690219,48.0,134477.0,98103.0,75349.0
GGTCTCATAGGACGCTACTAACTCCGCCAATAAAGGCGGTTGATA,P_5,231912.0,5790325,47.0,134487.0,97425.0,75302.0
TGTGGTTGAGGAGGAACCAAACTCTATGCGACAAGGGTCCGATTA,P_5,231339.0,5812876,44.0,138054.0,93285.0,71141.0
CGCTAGTTAGGAAGACCGATACTCACAGTAGCAAGGCGACCTATA,P_3,230190.0,5809926,41.0,136391.0,93799.0,70312.0
AAGGCTTGAGGACTGCTCAAACTCGCTGGATAAAGGGTCCGATTA,P_5,230252.0,5598688,40.0,132326.0,97926.0,75074.0
ATATGCGGAGGATGGTCACTACTCAGACGAACAAGGGTGACTCTA,P_2,229843.0,5763386,45.0,134529.0,95314.0,72316.0
CAACTTGCAGGAAGGCTAACACTCGCAATGACAAGGGTCGGTAAA,P_4,229468.0,5712019,41.0,132381.0,97087.0,73084.0
GTGGTGATAGGATTCGGTAGACTCACAGTAGCAAGGGTCGGTAAA,P_4,228453.0,5666747,41.0,131780.0,96673.0,72570.0
GTAATGCCAGGAAGACCGATACTCACAGTAGCAAGGGTCGGTAAA,P_4,228365.0,5681253,44.0,133404.0,94961.0,70317.0
ACCTCGTAAGGAAAGGTGACACTCAGACGAACAAGGCACTGACAA,P_4,227893.0,5633988,42.0,131530.0,96363.0,71054.0
GGTCTCATAGGATTCGGTAGACTCAGAATGCCAAGGTGACAGTGA,P_4,227889.0,5636315,45.0,131023.0,96866.0,72778.0
GGTTGATGAGGATTGGTAGCACTCTATGCGACAAGGGTCCGATTA,P_5,228382.0,5624739,44.0,134336.0,94046.0,72749.0
ACTAACCGAGGAGGACGAATACTCTCTGGAACAAGGGTGACTCTA,P_2,227619.0,5644694,45.0,132584.0,95035.0,72486.0
AGGTCCAAAGGAACCTTCAGACTCAGACGAACAAGGGTCGGTAAA,P_4,226770.0,5758257,41.0,133484.0,93286.0,69736.0
GGTCATTGAGGACGACAAGAACTCAGAATGCCAAGGACATCGTCA,P_0,226981.0,5594802,40.0,131808.0,95173.0,72698.0
TGTGGTTGAGGATTCGGTAGACTCCGAACTTGAAGGCGGTTGATA,P_5,227168.0,5708143,43.0,133204.0,93964.0,71576.0
GGTTGATGAGGAAACGATGGACTCAGACGAACAAGGCGACCTATA,P_3,226364.0,5616300,43.0,131711.0,94653.0,71099.0
GTGGTGATAGGAGGACGAATACTCAGCATTGGAAGGTGGTCTCAA,P_1,226550.0,5569460,39.0,131249.0,95301.0,72360.0
ATCGACAGAGGACGCTACTAACTCAGGACATCAAGGGTGACTCTA,P_2,226025.0,5590417,46.0,129172.0,96853.0,74239.0
GGTCTCATAGGAGTCTGCTAACTCGCTGGATAAAGGCACTGACAA,P_4,225168.0,5568601,49.0,128541.0,96627.0,72245.0
GTGGTGATAGGAACCTTCAGACTCGGAACTGTAAGGGTGACTCTA,P_2,225990.0,5602500,46.0,129820.0,96170.0,73166.0
GTAATGCCAGGATTGGTAGCACTCTGCTATGGAAGGGTGACTCTA,P_2,225067.0,5588879,46.0,130976.0,94091.0,71507.0
CGCTAGTTAGGACGACATTCACTCAGCATTGGAAGGGTCGGTAAA,P_4,224776.0,5732212,40.0,132155.0,92621.0,69577.0
AAGGCTTGAGGACGACATTCACTCCGAACTTGAAGGCACTGACAA,P_4,223891.0,5526236,39.0,127877.0,96014.0,72062.0
AAGGCTTGAGGACGACAAGAACTCACAGTAGCAAGGGTCGGTAAA,P_4,224131.0,5531541,41.0,128978.0,95153.0,70699.0
GTAATGCCAGGAAAGGTGACACTCTGCTATGGAAGGTGGTCTCAA,P_1,224174.0,5714150,38.0,134216.0,89958.0,67994.0
TATCAGCCAGGACGCTACTAACTCTAACGGAGAAGGGTGACTCTA,P_2,223943.0,5571569,46.0,131636.0,92307.0,70674.0
CGGTAGAAAGGAAGACCGATACTCGGAACTGTAAGGACATCGTCA,P_0,224520.0,5436070,48.0,128519.0,96001.0,74090.0
GTGAGACTAGGAGTCTGCTAACTCGCTGGATAAAGGCGACCTATA,P_3,223333.0,5572119,40.0,131338.0,91995.0,68687.0
CGGTAGAAAGGAAGACCGATACTCTCTGCTTGAAGGTTGGATGCA,P_0,221457.0,5548909,41.0,129089.0,92368.0,70413.0
GTGAGACTAGGAATGGTGTGACTCAGAATGCCAAGGGTGACTCTA,P_2,221125.0,5571980,44.0,132226.0,88899.0,66999.0
CGACAGTAAGGACGCTACTAACTCAGGACATCAAGGGTGACTCTA,P_2,220252.0,5477669,44.0,127372.0,92880.0,71070.0
CGGTAGAAAGGATTCGGTAGACTCGCTGGATAAAGGCACTGACAA,P_4,219894.0,5498923,39.0,126881.0,93013.0,69755.0
ACCTCGTAAGGACTTCAGCAACTCTCTGCTTGAAGGGTGACTCTA,P_2,220045.0,5719726,43.0,134576.0,85469.0,63946.0
CGCTAGTTAGGAAGGCTAACACTCAGCATTGGAAGGCACTGACAA,P_4,219398.0,5377144,40.0,124478.0,94920.0,71938.0
TATCCGGTAGGAAGGCATTGACTCAGAATGCCAAGGCACTGACAA,P_4,219319.0,5361001,48.0,125992.0,93327.0,69079.0
GTGAGACTAGGACTTCAGCAACTCAGCATTGGAAGGGTTACGGTA,P_0,219672.0,5607573,42.0,130258.0,89414.0,68119.0
TATCCGGTAGGAGGACGAATACTCTGCTATGGAAGGTGGTCTCAA,P_1,218891.0,5492479,56.0,130223.0,88668.0,66473.0
TGTGGTTGAGGAAGACCGATACTCCAGGTGAAAAGGGTCCGATTA,P_5,219028.0,5378595,46.0,126438.0,92590.0,71922.0
CAACCAACAGGACACCTTGAACTCACAGTAGCAAGGGTCGGTAAA,P_4,218053.0,5454686,44.0,127021.0,91032.0,68340.0
TATCAGCCAGGAGATACCGAACTCTACAACCGAAGGGTCGGTAAA,P_2,217638.0,5427279,47.0,126483.0,91155.0,67913.0
ATATGCGGAGGAGATACCGAACTCGGAACTGTAAGGACATCGTCA,P_0,218323.0,5444600,43.0,127234.0,91089.0,69902.0
GTGAGACTAGGAGGACGAATACTCTACAACCGAAGGCGGTTGATA,P_5,217746.0,5400272,42.0,125681.0,92065.0,70830.0
TACCACAGAGGATTCGGTAGACTCCACCATCTAAGGGTCGGTAAA,P_4,217111.0,5473836,39.0,126223.0,90888.0,68269.0
TATCAGCCAGGAGGAACCAAACTCTCCAGTCTAAGGCACTGACAA,P_4,216677.0,5370039,41.0,124173.0,92504.0,69310.0
GGTCATTGAGGAACCTTCAGACTCCACCATCTAAGGCACTGACAA,P_4,217026.0,5453375,45.0,125075.0,91951.0,70569.0
CAACCAACAGGAGGACGAATACTCTACAACCGAAGGGTGACTCTA,P_2,217154.0,5371320,40.0,125950.0,91204.0,70063.0
GTGGTGATAGGAGGAACCAAACTCCGAACTTGAAGGGTCGGTAAA,P_4,216267.0,5338017,38.0,123360.0,92907.0,71351.0
CGCTAGTTAGGAAGATGGTCACTCAGGTCGTAAAGGTTGACCACA,P_3,216494.0,5469290,44.0,127622.0,88872.0,67287.0
GGTCTCATAGGAAGGCATTGACTCGGAACTGTAAGGACATCGTCA,P_0,216227.0,5279276,41.0,123700.0,92527.0,71360.0
AAGGCTTGAGGAGGACGAATACTCAGAATGCCAAGGTGGTCTCAA,P_1,215701.0,5329458,43.0,126049.0,89652.0,68673.0
TGTGGTTGAGGAGGACGAATACTCAGACGAACAAGGCGACCTATA,P_3,215809.0,5467414,40.0,126796.0,89013.0,67308.0
TGTGGTTGAGGAAACGATGGACTCAGAATGCCAAGGGATGGTCTA,P_3,215383.0,5282651,46.0,124519.0,90864.0,68653.0
GTAATGCCAGGACGCTACTAACTCCGAACTTGAAGGTTGATGGCA,P_2,215011.0,5388487,36.0,124798.0,90213.0,69223.0
CGCTAGTTAGGAGGACGAATACTCGCTGGATAAAGGCGGTAAGTA,P_4,213719.0,5435759,43.0,125134.0,88585.0,65409.0
AGGTCCAAAGGACGACATTCACTCTCTGCTTGAAGGCGGTAAGTA,P_4,212633.0,5262803,49.0,122106.0,90527.0,67566.0
CAACTTGCAGGAGGACGAATACTCCACCATCTAAGGCGGTAAGTA,P_4,212811.0,5312583,39.0,123078.0,89733.0,66897.0
GGTCTCATAGGAGTCTGCTAACTCAGCATTGGAAGGGATGGTCTA,P_3,213025.0,5371768,42.0,124835.0,88190.0,67140.0
GTGTAAGCAGGAAGACCGATACTCAGCATTGGAAGGTTGGATGCA,P_0,212859.0,5424645,51.0,128878.0,83981.0,62932.0
CAACTTGCAGGAGGAACCAAACTCCGCCAATAAAGGGTCGGTAAA,P_4,211984.0,5346647,48.0,123824.0,88160.0,65328.0
GTGTAAGCAGGACACCTTGAACTCAGGTCGTAAAGGGTCCGATTA,P_5,212125.0,5200550,45.0,122964.0,89161.0,68938.0
TATCAGCCAGGACGACAAGAACTCGGAACTGTAAGGTGACAGTGA,P_4,211362.0,5342045,41.0,123399.0,87963.0,66296.0
ATATGCGGAGGATTGGTAGCACTCCAGGTGAAAAGGGTGACTCTA,P_2,211648.0,5227182,44.0,122760.0,88888.0,67052.0
TATCAGCCAGGAAACTGCTCACTCACAGTAGCAAGGGTCGGTAAA,P_4,211203.0,5304357,40.0,122075.0,89128.0,67056.0
GTGTAAGCAGGACGACATTCACTCGCTGGATAAAGGCTGTGAACA,P_0,211125.0,5199648,43.0,120518.0,90607.0,70899.0
CGACAGTAAGGAAAGGTGACACTCAGACACCAAAGGCGGTTGATA,P_5,211179.0,5249264,29.0,121798.0,89381.0,69508.0
GGTTGATGAGGAAACGATGGACTCTGCTATGGAAGGGTCGGTAAA,P_4,209219.0,5249344,42.0,121154.0,88065.0,65549.0
TACCACAGAGGACTTCAGCAACTCACAGTAGCAAGGCGACCTATA,P_3,209847.0,5188289,38.0,121263.0,88584.0,67702.0
GTAATGCCAGGAAAGGTGACACTCTATGCGACAAGGCGACCTATA,P_3,209404.0,5253240,48.0,122920.0,86484.0,64236.0
ATACGACCAGGATACAGCAGACTCTAACGGAGAAGGGTGACTCTA,P_2,209357.0,5239392,44.0,121489.0,87868.0,65892.0
AGGTCCAAAGGACACCTTGAACTCCATCGTTGAAGGGATGGTCTA,P_3,209131.0,5148496,41.0,119294.0,89837.0,68873.0
CAACTTGCAGGAGGACGAATACTCAGCATTGGAAGGTTGATGGCA,P_2,208848.0,5254124,48.0,122963.0,85885.0,65098.0
AGGTCCAAAGGAGATACCGAACTCAGACGAACAAGGTGGTCTCAA,P_1,208607.0,5186099,41.0,122069.0,86538.0,65252.0
GTGGTGATAGGACGACATTCACTCTATGCGACAAGGGTGACTCTA,P_2,208172.0,5172686,49.0,119537.0,88635.0,68286.0
CAACTTGCAGGAAGACCGATACTCGTGTGATGAAGGCGACCTATA,P_3,207895.0,5362087,37.0,125806.0,82089.0,61180.0
CAACTTGCAGGAACCTTCAGACTCCACCATCTAAGGACATCGTCA,P_0,208142.0,5177563,49.0,122065.0,86077.0,66671.0
CAACCAACAGGACGACAAGAACTCCGCCAATAAAGGAGATACCGA,P_2,207313.0,5273271,46.0,122046.0,85267.0,64568.0
GTGTAAGCAGGAGATACCGAACTCTCCAGTCTAAGGCACTGACAA,P_2,205352.0,5082328,40.0,117926.0,87426.0,65744.0
GTGGTGATAGGACGCTACTAACTCTCTGGAACAAGGTTGACCACA,P_3,205486.0,5087090,41.0,120315.0,85171.0,64968.0
GGTTGATGAGGATTGGTAGCACTCTCTGGAACAAGGGTTACGGTA,P_0,205729.0,5165207,40.0,121671.0,84058.0,63266.0
GTGAGACTAGGACTTCAGCAACTCTATGCGACAAGGCACTGACAA,P_4,204893.0,5114973,40.0,119052.0,85841.0,64028.0
ACCTCGTAAGGAAACTGCTCACTCTGCTATGGAAGGGATGGTCTA,P_3,204937.0,5212063,43.0,122304.0,82633.0,61912.0
CGCTAGTTAGGACTTCAGCAACTCTATGCGACAAGGGATGGTCTA,P_3,204297.0,5154252,44.0,121011.0,83286.0,63489.0
CGGTAGAAAGGACACCTTGAACTCCGAACTTGAAGGACATCGTCA,P_0,204003.0,5031896,46.0,117231.0,86772.0,65806.0
GTGAGACTAGGACACCTTGAACTCAGAATGCCAAGGCGACCTATA,P_3,203385.0,5028190,43.0,118009.0,85376.0,64154.0
CAACCAACAGGAAGACCGATACTCCATCGTTGAAGGTTGATGGCA,P_2,202577.0,5046794,39.0,116805.0,85772.0,65659.0
ACTAACCGAGGACTTCAGCAACTCTGCTATGGAAGGCACTGACAA,P_4,201325.0,4999354,42.0,116136.0,85189.0,64102.0
CAACCAACAGGATGGTCACTACTCAGAATGCCAAGGGTCGGTAAA,P_4,200940.0,5086150,49.0,118408.0,82532.0,61660.0
CAACCAACAGGAAACGATGGACTCTAACGGAGAAGGTGGTCTCAA,P_1,201167.0,4987375,48.0,117156.0,84011.0,63747.0
GTGTAAGCAGGACGACAAGAACTCAGACACCAAAGGTGGTCTCAA,P_1,200457.0,4896947,42.0,114643.0,85814.0,65010.0
AGGTCCAAAGGACGCTACTAACTCAGAATGCCAAGGCGGTAAGTA,P_4,199715.0,5050764,42.0,114813.0,84902.0,63215.0
AGGTCCAAAGGAAGACCGATACTCGCTGGATAAAGGCGACCTATA,P_3,199933.0,5059503,47.0,119081.0,80852.0,60829.0
TACCACAGAGGAGTCTGCTAACTCAGAATGCCAAGGTGGTCTCAA,P_1,199671.0,4987852,46.0,116588.0,83083.0,62950.0
TATCAGCCAGGAAGACCGATACTCCATCGTTGAAGGCGACCTATA,P_3,199453.0,5003570,44.0,117462.0,81991.0,62022.0
CGGTAGAAAGGAAAGGTGACACTCAGGTCGTAAAGGTGACAGTGA,P_4,198635.0,5005041,51.0,114536.0,84099.0,62631.0
GTGGTGATAGGAAGATGGTCACTCAGACACCAAAGGCGGTAAGTA,P_4,197469.0,4951750,40.0,114495.0,82974.0,61576.0
GTGGTGATAGGAAACTGCTCACTCTCCAGTCTAAGGCGACCTATA,P_3,197575.0,5017489,44.0,116204.0,81371.0,61149.0
GTGGTGATAGGACTGCTCAAACTCAGACACCAAAGGCACTGACAA,P_4,195714.0,4976648,41.0,111717.0,83997.0,61820.0
ACTAACCGAGGACTGCTCAAACTCTACAACCGAAGGGTGACTCTA,P_2,195912.0,4878539,45.0,113405.0,82507.0,62898.0
TATCAGCCAGGAAACTGCTCACTCTCCAGTCTAAGGCGACCTATA,P_3,195650.0,4979812,42.0,115625.0,80025.0,60369.0
GGTCTCATAGGAATGGTGTGACTCAGCATTGGAAGGGTGACTCTA,P_2,195520.0,4999081,39.0,115608.0,79912.0,60399.0
CGCTAGTTAGGAACCTTCAGACTCTATGCGACAAGGGTCGGTAAA,P_4,194060.0,4882428,44.0,113240.0,80820.0,59993.0
GGTCTCATAGGACTTCAGCAACTCAGACGAACAAGGTGGTCTCAA,P_1,194664.0,4913267,47.0,115695.0,78969.0,59964.0
CAACCAACAGGAAGGCTAACACTCAGCATTGGAAGGACATCGTCA,P_0,194084.0,4832006,46.0,111847.0,82237.0,63085.0
CAACCAACAGGAGATACCGAACTCTCTGGAACAAGGGTGACTCTA,P_2,193878.0,4882125,43.0,112748.0,81130.0,62545.0
GGTCTCATAGGATGGTCACTACTCTGCTATGGAAGGCACTGACAA,P_4,193271.0,4887719,40.0,112125.0,81146.0,60385.0
GTGGTGATAGGAAACTGCTCACTCTCTGCTTGAAGGGTGACTCTA,P_2,193402.0,4594338,42.0,103658.0,89744.0,67547.0
GTGTAAGCAGGAATGGTGTGACTCAGGTCGTAAAGGCGGTTGATA,P_5,193788.0,4772887,52.0,112378.0,81410.0,63712.0
GTGAGACTAGGATTGGTAGCACTCCGAACTTGAAGGGTCCGATTA,P_5,193623.0,4905378,42.0,114734.0,78889.0,60396.0
TGTGGTTGAGGAAGACCGATACTCCGCCAATAAAGGACATCGTCA,P_0,193484.0,4794116,38.0,112567.0,80917.0,62031.0
TATCAGCCAGGACCATACGAACTCCATCGTTGAAGGGATGGTCTA,P_3,193217.0,4848611,46.0,112157.0,81060.0,61291.0
GGTTGATGAGGACCATACGAACTCCATCGTTGAAGGTGGTCTCAA,P_1,192974.0,4740060,49.0,110768.0,82206.0,62957.0
AATGGCAGAGGAAGATGGTCACTCTCTGCTTGAAGGGTGACTCTA,P_2,192665.0,4736355,42.0,110851.0,81814.0,62685.0
GTGAGACTAGGATTGGTAGCACTCTCCAGTCTAAGGGTGACTCTA,P_2,192501.0,4995133,40.0,115581.0,76920.0,57293.0
CGGTAGAAAGGAAAGGTGACACTCCAGGTGAAAAGGTTGACCACA,P_3,192097.0,4853148,41.0,113221.0,78876.0,58915.0
ACTAACCGAGGAAAGGTGACACTCTCTGGAACAAGGCACTGACAA,P_4,191643.0,4797570,50.0,110828.0,80815.0,60496.0
AGGTCCAAAGGAAGACCGATACTCCATCGTTGAAGGCACTGACAA,P_4,191337.0,4820209,41.0,109273.0,82064.0,62196.0
GTGTAAGCAGGACGACAAGAACTCTACAACCGAAGGCGGTTGATA,P_5,191891.0,4721685,43.0,110902.0,80989.0,61969.0
GGTTGATGAGGAGGACGAATACTCGGAACTGTAAGGGACAGCATA,P_5,191826.0,4763294,41.0,110704.0,81122.0,62546.0
AATGGCAGAGGAGTCTGCTAACTCGCAATGACAAGGAGATACCGA,P_2,191366.0,4803901,40.0,110968.0,80398.0,60753.0
TACCACAGAGGAGGAACCAAACTCTCTGCTTGAAGGGTCGGTAAA,P_4,190373.0,4717095,45.0,110021.0,80352.0,60581.0
GTGGTGATAGGAGTCTGCTAACTCAGAATGCCAAGGTGGTCTCAA,P_1,190258.0,4744021,45.0,111783.0,78475.0,59662.0
AGGTCCAAAGGATACAGCAGACTCTCTGGAACAAGGGTCCGATTA,P_5,190348.0,4689649,44.0,109828.0,80520.0,61698.0
ATCGACAGAGGACGCTACTAACTCAGACGAACAAGGCACTGACAA,P_4,189054.0,4739787,46.0,108373.0,80681.0,60915.0
CGGTAGAAAGGAATGGTGTGACTCAGCATTGGAAGGGTCGGTAAA,P_4,188752.0,4770325,46.0,109996.0,78756.0,59218.0
GTGGTGATAGGAAACGATGGACTCAGAATGCCAAGGTCCTCAACA,P_3,188798.0,4760361,46.0,110248.0,78550.0,59690.0
GTGTAAGCAGGAAGACCGATACTCGGAACTGTAAGGTTGATGGCA,P_2,189058.0,4878880,42.0,113484.0,75574.0,55953.0
ATATGCGGAGGACACCTTGAACTCCGCCAATAAAGGCTGTGAACA,P_0,189011.0,4561799,48.0,106722.0,82289.0,63527.0
ATATGCGGAGGAAGACCGATACTCAGACGAACAAGGGTGACTCTA,P_2,188636.0,4662706,47.0,108307.0,80329.0,61258.0
GTGGTGATAGGAGGACGAATACTCGTGTGATGAAGGCGACCTATA,P_3,188021.0,4609564,44.0,108577.0,79444.0,60053.0
GGTCTCATAGGAAACTGCTCACTCCATCGTTGAAGGACATCGTCA,P_0,187722.0,4709863,41.0,107714.0,80008.0,62588.0
ATACGACCAGGAAGACCGATACTCTCTGCTTGAAGGTGGTCTCAA,P_1,187507.0,4712085,39.0,109245.0,78262.0,59232.0
GTGAGACTAGGAAACGATGGACTCCACCATCTAAGGTTGACCACA,P_3,187041.0,4776399,42.0,110884.0,76157.0,55742.0
TGTGGTTGAGGAGTCTGCTAACTCCGAACTTGAAGGGACAGCATA,P_5,187260.0,4684271,40.0,109854.0,77406.0,59808.0
AATGGCAGAGGACGCTACTAACTCTCCAGTCTAAGGTTGATGGCA,P_2,186855.0,4703044,46.0,108833.0,78022.0,58898.0
GTGTAAGCAGGACTTCAGCAACTCCGCCAATAAAGGTTGACCACA,P_3,186516.0,4736128,42.0,110339.0,76177.0,57447.0
GGTCTCATAGGATACAGCAGACTCAGAATGCCAAGGGTCGGTAAA,P_4,185836.0,4677123,45.0,107467.0,78369.0,58449.0
ATCGACAGAGGACACCTTGAACTCAGAATGCCAAGGCGGTAAGTA,P_4,185830.0,4659304,46.0,107020.0,78810.0,58462.0
GGTTGATGAGGACTTCAGCAACTCTATGCGACAAGGGTCGGTAAA,P_4,185089.0,4646622,50.0,107433.0,77656.0,57338.0
CGGTAGAAAGGATTGGTAGCACTCTCTGGAACAAGGTGACAGTGA,P_4,185222.0,4696100,48.0,107930.0,77292.0,57436.0
GGTCTCATAGGAAACTGCTCACTCAGCATTGGAAGGGTTACGGTA,P_0,185447.0,4614036,46.0,107929.0,77518.0,59191.0
CAACCAACAGGAGTCTGCTAACTCACAGTAGCAAGGCGACCTATA,P_3,184986.0,4766980,46.0,111768.0,73218.0,54357.0
GTGAGACTAGGACGACATTCACTCCGAACTTGAAGGACATCGTCA,P_0,184673.0,4573115,48.0,106491.0,78182.0,60996.0
GTGAGACTAGGAACCTTCAGACTCTCTGCTTGAAGGGATGGTCTA,P_3,184257.0,4559882,46.0,106765.0,77492.0,58599.0
TATCCGGTAGGAAACTGCTCACTCTGCTATGGAAGGACATCGTCA,P_0,184806.0,4605500,48.0,107955.0,76851.0,58547.0
GTGGTGATAGGAGATACCGAACTCCGAACTTGAAGGCGGTTGATA,P_2,184619.0,4546798,38.0,105528.0,79091.0,61356.0
GGTTGATGAGGACGACATTCACTCACAGTAGCAAGGTGGTCTCAA,P_1,184060.0,4562448,39.0,106722.0,77338.0,59695.0
GTGAGACTAGGAGGAACCAAACTCAGAATGCCAAGGTCCTCAACA,P_3,184115.0,4521701,38.0,104811.0,79304.0,61068.0
GTGAGACTAGGATTCGGTAGACTCTCTGCTTGAAGGCGGTAAGTA,P_4,183547.0,4660071,48.0,107389.0,76158.0,55920.0
GTAATGCCAGGACGACAAGAACTCGTGTGATGAAGGGTTACGGTA,P_0,184069.0,4609082,42.0,105613.0,78456.0,60062.0
CAACCAACAGGACCATACGAACTCAGACGAACAAGGGTCGGTAAA,P_4,183201.0,4629090,48.0,106719.0,76482.0,56785.0
GTAATGCCAGGAAAGGTGACACTCAGAATGCCAAGGTTGATGGCA,P_2,183405.0,4649258,48.0,108513.0,74892.0,56940.0
CGACAGTAAGGAAACTGCTCACTCTCCAGTCTAAGGGTTACGGTA,P_0,183259.0,4664323,42.0,107678.0,75581.0,57134.0
GTGGTGATAGGAGGAACCAAACTCGCTGGATAAAGGCACTGACAA,P_4,182912.0,4592965,47.0,104871.0,78041.0,58339.0
GTGGTGATAGGAAGGCTAACACTCCACCATCTAAGGTGGTCTCAA,P_1,183343.0,4580417,43.0,106197.0,77146.0,58419.0
CGGTAGAAAGGAAGGCTAACACTCCGCCAATAAAGGCACTGACAA,P_4,182721.0,4707282,41.0,107775.0,74946.0,55692.0
AAGGCTTGAGGAAACGATGGACTCAGAATGCCAAGGTGGTCTCAA,P_1,182762.0,4501043,40.0,106000.0,76762.0,58585.0
CGCTAGTTAGGAAAGGTGACACTCACAGTAGCAAGGCACTGACAA,P_4,182483.0,4582414,42.0,106771.0,75712.0,57487.0
GGTTGATGAGGAAACTGCTCACTCCATCGTTGAAGGTGACAGTGA,P_4,182584.0,4608754,47.0,104948.0,77636.0,59338.0
ACTAACCGAGGACGACAAGAACTCTACAACCGAAGGAGATACCGA,P_2,182712.0,4689466,42.0,108755.0,73957.0,55172.0
ACCTCGTAAGGAACCTTCAGACTCTACAACCGAAGGGTGACTCTA,P_2,182258.0,4656639,39.0,108581.0,73677.0,55961.0
TATCAGCCAGGAAGACCGATACTCCGAACTTGAAGGTGACAGTGA,P_4,182050.0,4656881,48.0,105841.0,76209.0,58127.0
GTAATGCCAGGAAACGATGGACTCTACAACCGAAGGCGACCTATA,P_3,181688.0,4660649,47.0,107427.0,74261.0,55732.0
GTAATGCCAGGATTCGGTAGACTCCATCGTTGAAGGGATGGTCTA,P_3,181953.0,4569649,44.0,106677.0,75276.0,56894.0
GGTTGATGAGGACGACATTCACTCCGCCAATAAAGGTGACAGTGA,P_4,181513.0,4552669,41.0,104955.0,76558.0,57198.0
CGCTAGTTAGGACTTCAGCAACTCCACCATCTAAGGCACTGACAA,P_4,181018.0,4562394,40.0,104691.0,76327.0,58023.0
GTGGTGATAGGAGGAACCAAACTCAGCATTGGAAGGCGACCTATA,P_3,180880.0,4654005,39.0,105025.0,75855.0,56771.0
GGTCTCATAGGACGACAAGAACTCCGAACTTGAAGGTGGTCTCAA,P_1,180907.0,4456123,48.0,103844.0,77063.0,58918.0
ACCTCGTAAGGATACAGCAGACTCGCTGGATAAAGGGTCCGATTA,P_5,181027.0,4637295,42.0,109439.0,71588.0,54419.0
GGTTGATGAGGATACAGCAGACTCACAGTAGCAAGGCGACCTATA,P_3,180457.0,4594358,44.0,106769.0,73688.0,55182.0
ATACGACCAGGATACAGCAGACTCTATGCGACAAGGGTCGGTAAA,P_4,179752.0,4506851,49.0,102683.0,77069.0,58020.0
CAACCAACAGGAGGACGAATACTCTCTGGAACAAGGCGACCTATA,P_3,180260.0,4640165,40.0,109700.0,70560.0,52754.0
GTAATGCCAGGACTGCTCAAACTCCGCCAATAAAGGGTCGGTAAA,P_4,179474.0,4537707,45.0,103733.0,75741.0,56392.0
GGTCTCATAGGACGACAAGAACTCGCAATGACAAGGTGGTCTCAA,P_1,179923.0,4456026,43.0,103170.0,76753.0,58706.0
GGTTGATGAGGAGTCTGCTAACTCTCTGGAACAAGGTGGTCTCAA,P_1,179780.0,4474572,42.0,103878.0,75902.0,57396.0
GGTTGATGAGGAGGAACCAAACTCTAACGGAGAAGGCGACCTATA,P_3,179165.0,4285132,43.0,103315.0,75850.0,58947.0
CGGTAGAAAGGAGATACCGAACTCAGCATTGGAAGGCACTGACAA,P_2,178901.0,4459013,39.0,102997.0,75904.0,56567.0
GTGTAAGCAGGAGGAACCAAACTCAGACGAACAAGGTGACAGTGA,P_4,178825.0,4491961,40.0,103357.0,75468.0,55849.0
TGTGGTTGAGGAAACTGCTCACTCAGACGAACAAGGTTGGATGCA,P_0,179348.0,4498380,45.0,105190.0,74158.0,56545.0
GGTCATTGAGGACCATACGAACTCGGAACTGTAAGGCGGTTGATA,P_5,179235.0,4420894,44.0,103069.0,76166.0,58909.0
TGTGGTTGAGGACTTCAGCAACTCACAGTAGCAAGGTTGGATGCA,P_0,178776.0,4500980,40.0,103470.0,75306.0,57697.0
AAGGCTTGAGGACGACAAGAACTCAGACGAACAAGGCGACCTATA,P_3,177818.0,4501132,37.0,103906.0,73912.0,55447.0
GTAATGCCAGGATGGTCACTACTCTCTGGAACAAGGGTGACTCTA,P_2,177198.0,4441814,50.0,103178.0,74020.0,56161.0
ATATGCGGAGGAACCTTCAGACTCCACCATCTAAGGTGGTCTCAA,P_1,177090.0,4434723,48.0,102791.0,74299.0,57207.0
ATACGACCAGGACGACAAGAACTCCGCCAATAAAGGGTCGGTAAA,P_4,175530.0,4437632,48.0,101362.0,74168.0,55319.0
ACTAACCGAGGATTCGGTAGACTCGGAACTGTAAGGGTGACTCTA,P_2,175989.0,4643543,49.0,108261.0,67728.0,49776.0
GTGGTGATAGGACGCTACTAACTCAGGACATCAAGGCGACCTATA,P_3,175733.0,4429638,43.0,101799.0,73934.0,56125.0
AGGTCCAAAGGAATGGTGTGACTCAGGTCGTAAAGGCGACCTATA,P_3,175519.0,4401699,43.0,101739.0,73780.0,55902.0
AGGTCCAAAGGAAGGCATTGACTCCATCGTTGAAGGGGCATCAAA,P_2,175802.0,4437895,48.0,101273.0,74529.0,57061.0
GTGTAAGCAGGATGGTCACTACTCTCCAGTCTAAGGCGACCTATA,P_3,175012.0,4399588,52.0,102684.0,72328.0,54445.0
ATACGACCAGGAACCTTCAGACTCGTGTGATGAAGGCGACCTATA,P_3,175036.0,4449184,42.0,103225.0,71811.0,53917.0
ACCTCGTAAGGACGACATTCACTCAGGTCGTAAAGGACATCGTCA,P_0,174932.0,4328203,44.0,101284.0,73648.0,56102.0
ATACGACCAGGAAACTGCTCACTCGCTGGATAAAGGGTCGGTAAA,P_4,173883.0,4526511,41.0,100738.0,73145.0,54198.0
GTGTAAGCAGGAAACGATGGACTCAGCATTGGAAGGTGGTCTCAA,P_1,173961.0,4338820,45.0,100849.0,73112.0,55205.0
GGTTGATGAGGACGACAAGAACTCTCTGCTTGAAGGAGATACCGA,P_2,173949.0,4379020,40.0,102009.0,71940.0,54278.0
CGCTAGTTAGGACTTCAGCAACTCACAGTAGCAAGGACATCGTCA,P_0,173952.0,4294153,40.0,100332.0,73620.0,56028.0
GGTCTCATAGGAGATACCGAACTCGCTGGATAAAGGACATCGTCA,P_0,173869.0,4343914,44.0,101249.0,72620.0,56339.0
GTGAGACTAGGAAACTGCTCACTCAGACGAACAAGGGTCCGATTA,P_5,173732.0,4323606,45.0,100818.0,72914.0,55698.0
TGTGGTTGAGGATTCGGTAGACTCACAGTAGCAAGGTTGGATGCA,P_0,173266.0,4383662,48.0,101369.0,71897.0,54732.0
TGTGGTTGAGGAAAGGTGACACTCAGAATGCCAAGGCGACCTATA,P_3,172814.0,4304070,43.0,101140.0,71674.0,53334.0
GGTCATTGAGGATGGTCACTACTCGGAACTGTAAGGCGACCTATA,P_3,173032.0,4453535,40.0,104124.0,68908.0,50871.0
ACTAACCGAGGATTGGTAGCACTCAGACGAACAAGGCGACCTATA,P_3,172823.0,4357307,49.0,100890.0,71933.0,53911.0
GTAATGCCAGGACTGCTCAAACTCTAACGGAGAAGGGTTACGGTA,P_0,172728.0,4322937,41.0,100477.0,72251.0,54702.0
TATCAGCCAGGACTTCAGCAACTCGGAACTGTAAGGGATGGTCTA,P_3,172638.0,4365062,51.0,102102.0,70536.0,53465.0
TGTGGTTGAGGACGCTACTAACTCAGCATTGGAAGGGACAGCATA,P_5,172980.0,4404770,45.0,101368.0,71612.0,55487.0
CGCTAGTTAGGAGATACCGAACTCGCTGGATAAAGGCGACCTATA,P_2,172153.0,4316233,43.0,101072.0,71081.0,53470.0
GTGAGACTAGGAGGAACCAAACTCGGAACTGTAAGGCACTGACAA,P_4,172082.0,4387643,45.0,98680.0,73402.0,54608.0
CGCTAGTTAGGAGTCTGCTAACTCGTGTGATGAAGGTTGATGGCA,P_2,172291.0,4340632,49.0,101356.0,70935.0,53781.0
ATCGACAGAGGACGACATTCACTCGGAACTGTAAGGCACTGACAA,P_4,171084.0,4318821,46.0,97379.0,73705.0,55183.0
CGGTAGAAAGGACGCTACTAACTCCATCGTTGAAGGCGGTAAGTA,P_4,171115.0,4350903,37.0,99775.0,71340.0,52480.0
ATCGACAGAGGACGACATTCACTCCATCGTTGAAGGTTGATGGCA,P_2,171268.0,4296535,54.0,98143.0,73125.0,55770.0
ACCTCGTAAGGATTGGTAGCACTCAGGTCGTAAAGGCACTGACAA,P_4,170739.0,4329429,44.0,99050.0,71689.0,53076.0
TACCACAGAGGAGTCTGCTAACTCTCTGCTTGAAGGACATCGTCA,P_0,171497.0,4325392,43.0,100080.0,71417.0,54557.0
ATATGCGGAGGAGATACCGAACTCAGGTCGTAAAGGCGACCTATA,P_2,170675.0,4368655,51.0,101757.0,68918.0,51377.0
GTGTAAGCAGGAAACGATGGACTCCGAACTTGAAGGCGACCTATA,P_3,170602.0,4274714,54.0,99198.0,71404.0,54638.0
ATACGACCAGGAAGACCGATACTCTCTGGAACAAGGGTCGGTAAA,P_4,170542.0,4515327,49.0,99584.0,70958.0,52339.0
TATCAGCCAGGACTTCAGCAACTCTATGCGACAAGGGTCGGTAAA,P_4,169589.0,4340347,39.0,100044.0,69545.0,51843.0
TGTGGTTGAGGAGGACGAATACTCCACCATCTAAGGAGATACCGA,P_2,170090.0,4261137,54.0,98330.0,71760.0,54893.0
ACCTCGTAAGGAAACGATGGACTCACAGTAGCAAGGACATCGTCA,P_0,169483.0,4195994,42.0,96489.0,72994.0,56144.0
GTGTAAGCAGGATTGGTAGCACTCCGAACTTGAAGGCACTGACAA,P_4,169071.0,4258931,40.0,96328.0,72743.0,54348.0
ACTAACCGAGGACTGCTCAAACTCAGACACCAAAGGGTCGGTAAA,P_4,168396.0,4237926,50.0,97376.0,71020.0,53255.0
GTGTAAGCAGGAGGACGAATACTCCGAACTTGAAGGGACAGCATA,P_5,168976.0,4198354,42.0,97238.0,71738.0,55132.0
GTGAGACTAGGACTTCAGCAACTCGTGTGATGAAGGTGGTCTCAA,P_1,168758.0,4193147,42.0,97814.0,70944.0,54123.0
ATATGCGGAGGATTCGGTAGACTCGCTGGATAAAGGCACTGACAA,P_4,168114.0,4232564,42.0,95988.0,72126.0,54078.0
GGTCATTGAGGAAGACCGATACTCAGACGAACAAGGCGACCTATA,P_3,168686.0,4340441,40.0,99460.0,69226.0,52418.0
ATACGACCAGGAGGACGAATACTCCATCGTTGAAGGCGGTAAGTA,P_4,167911.0,4266400,45.0,97515.0,70396.0,52718.0
CGGTAGAAAGGAATGGTGTGACTCTACAACCGAAGGCGGTAAGTA,P_2,167322.0,4259096,41.0,96224.0,71098.0,52559.0
ACCTCGTAAGGAAGGCTAACACTCACAGTAGCAAGGTTGACCACA,P_3,167880.0,4321687,37.0,101462.0,66418.0,49731.0
CAACTTGCAGGAGTCTGCTAACTCAGAATGCCAAGGTGACAGTGA,P_4,167224.0,4232625,49.0,96368.0,70856.0,53658.0
GGTTGATGAGGATTCGGTAGACTCCAGGTGAAAAGGGTCGGTAAA,P_4,166858.0,4235576,43.0,97358.0,69500.0,50409.0
TACCACAGAGGAAGGCATTGACTCCAGGTGAAAAGGGATGGTCTA,P_3,166391.0,4134126,40.0,95393.0,70998.0,54006.0
TGTGGTTGAGGACCATACGAACTCTGCTATGGAAGGTGGTCTCAA,P_1,166542.0,4186063,43.0,96913.0,69629.0,52415.0
ACCTCGTAAGGATTGGTAGCACTCAGAATGCCAAGGCGGTTGATA,P_5,166677.0,4155018,55.0,96877.0,69800.0,53822.0
TACCACAGAGGAGGAACCAAACTCTGCTATGGAAGGCGGTAAGTA,P_4,166113.0,4250600,43.0,96066.0,70047.0,52246.0
ATACGACCAGGACGACATTCACTCAGACGAACAAGGCGACCTATA,P_3,166048.0,4242296,43.0,95712.0,70336.0,53317.0
GTAATGCCAGGACTGCTCAAACTCTATGCGACAAGGGTGACTCTA,P_2,166306.0,4227511,40.0,98261.0,68045.0,51360.0
ACCTCGTAAGGAGGAACCAAACTCGCTGGATAAAGGCACTGACAA,P_4,165809.0,4182846,44.0,96113.0,69696.0,51548.0
ATATGCGGAGGATACAGCAGACTCAGACGAACAAGGGTGACTCTA,P_2,165719.0,4214445,51.0,97472.0,68247.0,51517.0
GTGAGACTAGGAAGGCTAACACTCGCTGGATAAAGGGTTACGGTA,P_0,165556.0,4138083,47.0,95627.0,69929.0,52559.0
CGCTAGTTAGGACTTCAGCAACTCTACAACCGAAGGTGGTCTCAA,P_1,165367.0,4171948,44.0,96517.0,68850.0,52099.0
GGTCTCATAGGAAACTGCTCACTCTAACGGAGAAGGGATGGTCTA,P_3,165347.0,4180268,45.0,95614.0,69733.0,53780.0
CAACCAACAGGAGTCTGCTAACTCGCAATGACAAGGGACAGCATA,P_5,165561.0,4195560,43.0,96582.0,68979.0,53105.0
GGTTGATGAGGAAACGATGGACTCAGACACCAAAGGACATCGTCA,P_0,164839.0,3970131,40.0,91219.0,73620.0,55723.0
GTGGTGATAGGATACAGCAGACTCTCTGCTTGAAGGAGATACCGA,P_2,164770.0,4156342,41.0,96171.0,68599.0,51436.0
CGACAGTAAGGAGGAACCAAACTCTATGCGACAAGGGTCGGTAAA,P_4,164202.0,4199811,47.0,96132.0,68070.0,50264.0
CGGTAGAAAGGACGACATTCACTCGGAACTGTAAGGAGATACCGA,P_2,164505.0,4155520,41.0,96644.0,67861.0,50597.0
GTGGTGATAGGAGTCTGCTAACTCGCTGGATAAAGGTGGTCTCAA,P_1,164291.0,4156691,46.0,97672.0,66619.0,49855.0
CGGTAGAAAGGACCATACGAACTCAGAATGCCAAGGCGGTTGATA,P_5,163929.0,4076402,42.0,93794.0,70135.0,54513.0
GGTTGATGAGGATTGGTAGCACTCTGCTATGGAAGGGACAGCATA,P_5,163441.0,4143611,46.0,96388.0,67053.0,50785.0
ATATGCGGAGGACTTCAGCAACTCAGACACCAAAGGGTCGGTAAA,P_4,162677.0,4086961,41.0,91838.0,70839.0,53025.0
CGGTAGAAAGGAACCTTCAGACTCAGACGAACAAGGCGGTTGATA,P_5,163044.0,4095034,48.0,94559.0,68485.0,52664.0
AGGTCCAAAGGAGGACGAATACTCTAACGGAGAAGGGTTACGGTA,P_0,162850.0,4122545,65.0,95200.0,67650.0,51249.0
GGTCTCATAGGAAGACCGATACTCTACAACCGAAGGCGGTTGATA,P_5,162829.0,4076175,47.0,94978.0,67851.0,51824.0
ATATGCGGAGGACACCTTGAACTCAGCATTGGAAGGTCCTCAACA,P_3,162029.0,4053741,46.0,93886.0,68143.0,51564.0
GTGGTGATAGGATTCGGTAGACTCCAGGTGAAAAGGCGGTTGATA,P_5,162383.0,4131404,45.0,94092.0,68291.0,52183.0
AGGTCCAAAGGATTCGGTAGACTCTCTGCTTGAAGGCACTGACAA,P_4,161303.0,4092710,45.0,92254.0,69049.0,51627.0
TGTGGTTGAGGAGGAACCAAACTCTAACGGAGAAGGCGACCTATA,P_3,161780.0,4255382,45.0,98011.0,63769.0,47212.0
GTGTAAGCAGGACTTCAGCAACTCGTGTGATGAAGGTGACAGTGA,P_4,161008.0,4010731,39.0,91322.0,69686.0,52447.0
GTGAGACTAGGAACCTTCAGACTCCATCGTTGAAGGTGACAGTGA,P_4,161023.0,4066052,48.0,92737.0,68286.0,51317.0
GGTCTCATAGGACGACAAGAACTCCGCCAATAAAGGTTGATGGCA,P_2,161260.0,4122997,42.0,94328.0,66932.0,51070.0
ACTAACCGAGGAGGACGAATACTCAGACGAACAAGGTTGACCACA,P_3,161322.0,4083747,41.0,94793.0,66529.0,50844.0
GTGGTGATAGGAAAGGTGACACTCTCCAGTCTAAGGTGGTCTCAA,P_1,161174.0,4064928,46.0,93877.0,67297.0,50536.0
GGTCATTGAGGACGACAAGAACTCACAGTAGCAAGGGTCGGTAAA,P_4,160281.0,3778038,41.0,82725.0,77556.0,58920.0
GGTCTCATAGGAAGGCATTGACTCACAGTAGCAAGGTGACAGTGA,P_4,160299.0,4053221,43.0,92243.0,68056.0,51156.0
ATATGCGGAGGACGACAAGAACTCGTGTGATGAAGGTGGTCTCAA,P_1,160257.0,3974877,48.0,91617.0,68640.0,52483.0
CGCTAGTTAGGAGGACGAATACTCTCCAGTCTAAGGCGACCTATA,P_3,160006.0,4063690,45.0,93027.0,66979.0,50134.0
TATCAGCCAGGAAGACCGATACTCTCCAGTCTAAGGGACAGCATA,P_5,159917.0,4107309,41.0,94796.0,65121.0,49415.0
CAACCAACAGGACACCTTGAACTCAGGTCGTAAAGGCGACCTATA,P_3,159266.0,3998712,41.0,92670.0,66596.0,49943.0
GTGTAAGCAGGAAGGCTAACACTCGCAATGACAAGGGTTACGGTA,P_0,159776.0,4218154,43.0,97264.0,62512.0,46481.0
AGGTCCAAAGGACTGCTCAAACTCAGCATTGGAAGGGTTACGGTA,P_0,159486.0,3979972,46.0,92678.0,66808.0,50675.0
TATCCGGTAGGAATGGTGTGACTCTCTGGAACAAGGTGGTCTCAA,P_1,158982.0,4035319,42.0,92116.0,66866.0,51224.0
TGTGGTTGAGGAAACGATGGACTCAGGTCGTAAAGGGTGACTCTA,P_2,159344.0,3978755,51.0,92770.0,66574.0,50921.0
GTGTAAGCAGGAGGAACCAAACTCTACAACCGAAGGGATGGTCTA,P_3,158879.0,3933715,45.0,91453.0,67426.0,51312.0
AATGGCAGAGGACTTCAGCAACTCTCTGCTTGAAGGGTGACTCTA,P_2,158746.0,3966324,53.0,91911.0,66835.0,50359.0
GGTTGATGAGGAGGACGAATACTCCACCATCTAAGGCGACCTATA,P_3,158253.0,4001625,50.0,92463.0,65790.0,49692.0
AGGTCCAAAGGAAAGGTGACACTCTCTGGAACAAGGTGGTCTCAA,P_1,158274.0,4006479,47.0,92596.0,65678.0,49863.0
CAACCAACAGGACTGCTCAAACTCCGCCAATAAAGGGATGGTCTA,P_3,157351.0,3976464,44.0,92294.0,65057.0,49683.0
CAACCAACAGGACTGCTCAAACTCCACCATCTAAGGGGCATCAAA,P_2,157713.0,3992560,46.0,92411.0,65302.0,49847.0
GTGAGACTAGGAACCTTCAGACTCCATCGTTGAAGGGACAGCATA,P_5,157708.0,3919698,43.0,91521.0,66187.0,50652.0
TATCCGGTAGGAGGACGAATACTCAGGACATCAAGGAGATACCGA,P_2,157573.0,3989906,44.0,92166.0,65407.0,48688.0
ATATGCGGAGGAATGGTGTGACTCACAGTAGCAAGGCACTGACAA,P_4,157106.0,3978059,52.0,90439.0,66667.0,50233.0
TATCAGCCAGGACGACATTCACTCTCTGGAACAAGGTGACAGTGA,P_4,157012.0,4043898,39.0,91155.0,65857.0,50015.0
TGTGGTTGAGGAGTCTGCTAACTCGGAACTGTAAGGACATCGTCA,P_0,157212.0,3946880,43.0,90503.0,66709.0,51232.0
CGCTAGTTAGGAGTCTGCTAACTCACAGTAGCAAGGGTTACGGTA,P_0,156747.0,3956877,46.0,91413.0,65334.0,49689.0
TACCACAGAGGAAACTGCTCACTCTACAACCGAAGGGACAGCATA,P_5,156788.0,3946928,48.0,91912.0,64876.0,49660.0
GGTTGATGAGGAGTCTGCTAACTCAGACGAACAAGGACATCGTCA,P_0,156497.0,3935727,46.0,89666.0,66831.0,51275.0
GTAATGCCAGGAAACGATGGACTCGTGTGATGAAGGTGACAGTGA,P_4,155476.0,3719033,37.0,83123.0,72353.0,53956.0
GGTCATTGAGGAAGGCATTGACTCTATGCGACAAGGGTCGGTAAA,P_4,156021.0,3949879,46.0,90867.0,65154.0,47750.0
GGTCTCATAGGAGATACCGAACTCCGAACTTGAAGGGTTACGGTA,P_0,156533.0,3992122,47.0,92200.0,64333.0,49423.0
ATCGACAGAGGACGACAAGAACTCTGCTATGGAAGGGTGACTCTA,P_2,156195.0,3991037,39.0,90743.0,65452.0,49756.0
GTGTAAGCAGGATGGTCACTACTCGCTGGATAAAGGTTGGATGCA,P_0,155968.0,3970634,43.0,92016.0,63952.0,48553.0
GTAATGCCAGGATACAGCAGACTCAGGTCGTAAAGGCGACCTATA,P_3,155522.0,3872620,54.0,89626.0,65896.0,49503.0
CGGTAGAAAGGAAAGGTGACACTCAGCATTGGAAGGCGACCTATA,P_3,155510.0,4009548,47.0,92874.0,62636.0,46254.0
GTGTAAGCAGGATACAGCAGACTCTGCTATGGAAGGGATGGTCTA,P_3,155500.0,3898300,48.0,90220.0,65280.0,49373.0
CAACTTGCAGGAAAGGTGACACTCTATGCGACAAGGGATGGTCTA,P_3,154872.0,3893974,52.0,90836.0,64036.0,48217.0
CGACAGTAAGGAAGACCGATACTCCAGGTGAAAAGGTCCAGGATA,P_1,154705.0,3898439,45.0,90275.0,64430.0,48789.0
GTAATGCCAGGACACCTTGAACTCGGAACTGTAAGGGGCATCAAA,P_2,154532.0,3739950,50.0,85406.0,69126.0,51618.0
GGTCTCATAGGAAGATGGTCACTCTATGCGACAAGGCACTGACAA,P_4,154258.0,3913312,46.0,89395.0,64863.0,48046.0
TACCACAGAGGACGACAAGAACTCTCCAGTCTAAGGCGACCTATA,P_3,154409.0,3936103,41.0,90209.0,64200.0,48024.0
ATACGACCAGGAAGATGGTCACTCAGACGAACAAGGCGACCTATA,P_3,154117.0,3985451,40.0,92652.0,61465.0,45918.0
ACTAACCGAGGAAACTGCTCACTCTGCTATGGAAGGTGGTCTCAA,P_1,153975.0,3923477,57.0,89043.0,64932.0,50454.0
GTGGTGATAGGACCATACGAACTCAGAATGCCAAGGAGATACCGA,P_2,154028.0,3966168,42.0,91169.0,62859.0,46865.0
CGGTAGAAAGGATTGGTAGCACTCTCCAGTCTAAGGCGGTTGATA,P_5,154121.0,3849784,43.0,88248.0,65873.0,50909.0
TACCACAGAGGATGGTCACTACTCTACAACCGAAGGGATGGTCTA,P_3,153210.0,3886057,53.0,90873.0,62337.0,46512.0
GTGTAAGCAGGAGGACGAATACTCAGAATGCCAAGGGACAGCATA,P_5,153457.0,3937374,47.0,92184.0,61273.0,46643.0
ATACGACCAGGACGCTACTAACTCGTGTGATGAAGGCGACCTATA,P_3,152271.0,3896285,42.0,89837.0,62434.0,46770.0
ACCTCGTAAGGATTGGTAGCACTCCATCGTTGAAGGAGATACCGA,P_2,152324.0,4079428,38.0,93261.0,59063.0,43620.0
GGTCATTGAGGACACCTTGAACTCCGAACTTGAAGGGTTACGGTA,P_0,152471.0,3894614,40.0,91567.0,60904.0,45745.0
GTAATGCCAGGAAGGCATTGACTCAGGTCGTAAAGGGTCGGTAAA,P_4,151796.0,3889746,45.0,87865.0,63931.0,47596.0
CAACCAACAGGACGACAAGAACTCGGAACTGTAAGGTTGGATGCA,P_0,152017.0,3881222,49.0,88239.0,63778.0,48621.0
ACCTCGTAAGGAATGGTGTGACTCAGGTCGTAAAGGGATGGTCTA,P_3,151910.0,3803802,52.0,88040.0,63870.0,48839.0
GGTCTCATAGGACGCTACTAACTCTATGCGACAAGGGACAGCATA,P_5,151552.0,3845519,45.0,89575.0,61977.0,47372.0
TACCACAGAGGACGACATTCACTCTATGCGACAAGGCACTGACAA,P_4,150598.0,3743417,46.0,84924.0,65674.0,49618.0
GTAATGCCAGGAAAGGTGACACTCAGCATTGGAAGGGATGGTCTA,P_3,151105.0,3773563,46.0,89233.0,61872.0,47243.0
CGCTAGTTAGGAGGACGAATACTCGTGTGATGAAGGAGATACCGA,P_2,150319.0,3874121,56.0,89460.0,60859.0,45545.0
CAACCAACAGGATTGGTAGCACTCCACCATCTAAGGGTCGGTAAA,P_4,149204.0,3872703,41.0,86658.0,62546.0,46664.0
TGTGGTTGAGGACGACATTCACTCTAACGGAGAAGGACATCGTCA,P_0,149742.0,3738412,53.0,86759.0,62983.0,48102.0
CGGTAGAAAGGAACCTTCAGACTCAGGACATCAAGGCGGTAAGTA,P_4,149034.0,3842433,47.0,87424.0,61610.0,45430.0
CAACCAACAGGAGGAACCAAACTCACAGTAGCAAGGTGGTCTCAA,P_1,149241.0,3846612,46.0,89070.0,60171.0,44906.0
TATCAGCCAGGATACAGCAGACTCTCTGGAACAAGGCGACCTATA,P_3,148979.0,3782489,44.0,87398.0,61581.0,46851.0
GTGAGACTAGGACTTCAGCAACTCAGAATGCCAAGGTGGTCTCAA,P_1,148643.0,3789487,46.0,87131.0,61512.0,46739.0
GTGAGACTAGGACGACATTCACTCTCCAGTCTAAGGGTGACTCTA,P_2,148608.0,3822699,47.0,89346.0,59262.0,44881.0
GGTTGATGAGGACACCTTGAACTCAGGTCGTAAAGGTCCTCAACA,P_3,148232.0,3781187,45.0,86036.0,62196.0,47541.0
CAACTTGCAGGAAACTGCTCACTCGCTGGATAAAGGCGGTTGATA,P_5,148116.0,3783918,44.0,87416.0,60700.0,46671.0
CAACTTGCAGGACGACAAGAACTCTCTGCTTGAAGGCGACCTATA,P_3,147870.0,3819627,40.0,85495.0,62375.0,48092.0
GGTCATTGAGGAAACTGCTCACTCGCTGGATAAAGGCGACCTATA,P_3,147825.0,3876939,41.0,88404.0,59421.0,44985.0
ACCTCGTAAGGATTCGGTAGACTCCGAACTTGAAGGCGACCTATA,P_3,147872.0,3791133,43.0,86888.0,60984.0,45855.0
CAACCAACAGGATTCGGTAGACTCGGAACTGTAAGGACATCGTCA,P_0,148041.0,3744660,55.0,86519.0,61522.0,46893.0
GTGGTGATAGGATTCGGTAGACTCACAGTAGCAAGGCTGTGAACA,P_0,148505.0,3474308,50.0,80310.0,68195.0,55214.0
GTAATGCCAGGAAGGCATTGACTCGGAACTGTAAGGGACAGCATA,P_5,148126.0,3757580,44.0,86428.0,61698.0,47465.0
GTGTAAGCAGGACTGCTCAAACTCAGCATTGGAAGGGACAGCATA,P_5,147759.0,3730715,50.0,85428.0,62331.0,48070.0
GTAATGCCAGGAAACTGCTCACTCCATCGTTGAAGGTGACAGTGA,P_4,146994.0,3651370,39.0,84280.0,62714.0,47530.0
CGCTAGTTAGGAAGACCGATACTCCATCGTTGAAGGAGATACCGA,P_2,147278.0,3888545,47.0,89092.0,58186.0,43869.0
GTGAGACTAGGAGTCTGCTAACTCCACCATCTAAGGCGGTTGATA,P_5,147012.0,3422412,36.0,77456.0,69556.0,53976.0
GGTCATTGAGGACGCTACTAACTCAGGACATCAAGGTGGTCTCAA,P_1,146627.0,3671243,47.0,84943.0,61684.0,46600.0
ATACGACCAGGACTTCAGCAACTCCATCGTTGAAGGACATCGTCA,P_0,146707.0,3603133,51.0,82772.0,63935.0,49555.0
TACCACAGAGGATTCGGTAGACTCAGCATTGGAAGGGACAGCATA,P_5,146919.0,3781611,44.0,88262.0,58657.0,44821.0
CAACCAACAGGAGGAACCAAACTCGGAACTGTAAGGAGATACCGA,P_2,146014.0,3754833,40.0,85485.0,60529.0,45117.0
CAACCAACAGGACGACATTCACTCAGAATGCCAAGGTTGGATGCA,P_0,146319.0,3788176,40.0,87923.0,58396.0,44014.0
AGGTCCAAAGGAGGACGAATACTCAGGTCGTAAAGGGACAGCATA,P_5,146104.0,3643563,43.0,84491.0,61613.0,47153.0
CGGTAGAAAGGAGTCTGCTAACTCCGAACTTGAAGGGGCATCAAA,P_2,145777.0,3825443,43.0,88709.0,57068.0,43027.0
CGGTAGAAAGGAAAGGTGACACTCTCTGGAACAAGGCACTGACAA,P_4,145497.0,3703894,44.0,84729.0,60768.0,44461.0
TACCACAGAGGAAACTGCTCACTCCGCCAATAAAGGCGACCTATA,P_3,145336.0,3759972,49.0,86096.0,59240.0,44200.0
ATATGCGGAGGATTCGGTAGACTCGCAATGACAAGGTTGATGGCA,P_2,145503.0,3700805,44.0,85053.0,60450.0,45244.0
ACTAACCGAGGAAACTGCTCACTCAGGTCGTAAAGGTGGTCTCAA,P_1,145064.0,3626303,55.0,83441.0,61623.0,47457.0
GTGAGACTAGGAAACTGCTCACTCAGGTCGTAAAGGTGGTCTCAA,P_1,144970.0,3650297,55.0,83800.0,61170.0,46538.0
GGTTGATGAGGAGTCTGCTAACTCTATGCGACAAGGGTCGGTAAA,P_4,144498.0,3714246,46.0,83588.0,60910.0,44645.0
GGTCTCATAGGACACCTTGAACTCCGAACTTGAAGGAGATACCGA,P_2,144497.0,3637530,42.0,83500.0,60997.0,45472.0
GTGAGACTAGGAAACGATGGACTCCACCATCTAAGGTGACAGTGA,P_4,144253.0,3625927,43.0,82322.0,61931.0,46499.0
GTGTAAGCAGGATTGGTAGCACTCTATGCGACAAGGGTCGGTAAA,P_4,144057.0,3709289,47.0,83341.0,60716.0,44785.0
TACCACAGAGGAGGAACCAAACTCAGACACCAAAGGTGGTCTCAA,P_1,144194.0,3647447,44.0,83709.0,60485.0,45663.0
CGGTAGAAAGGAGGAACCAAACTCCGAACTTGAAGGGATGGTCTA,P_3,144368.0,3733138,35.0,85128.0,59240.0,45418.0
CGACAGTAAGGAAACTGCTCACTCGCTGGATAAAGGTGACAGTGA,P_4,143719.0,3695065,46.0,82890.0,60829.0,45519.0
CAACCAACAGGAAAGGTGACACTCAGACACCAAAGGCACTGACAA,P_4,143645.0,3607137,41.0,82835.0,60810.0,45472.0
CGGTAGAAAGGATTGGTAGCACTCTCTGGAACAAGGTGGTCTCAA,P_1,143029.0,3560485,55.0,84573.0,58456.0,43216.0
AATGGCAGAGGAACCTTCAGACTCCGCCAATAAAGGGTGACTCTA,P_2,142898.0,3600683,46.0,83440.0,59458.0,44782.0
AGGTCCAAAGGATGGTCACTACTCAGACGAACAAGGCGGTTGATA,P_5,143020.0,3669763,44.0,83917.0,59103.0,45278.0
TACCACAGAGGAAACTGCTCACTCTCCAGTCTAAGGCACTGACAA,P_4,142380.0,3657124,44.0,83724.0,58656.0,42954.0
TATCCGGTAGGACGACAAGAACTCTATGCGACAAGGCACTGACAA,P_4,141914.0,3619756,51.0,82764.0,59150.0,43003.0
CGCTAGTTAGGAAAGGTGACACTCGGAACTGTAAGGTTGATGGCA,P_2,142363.0,3680844,49.0,83138.0,59225.0,44669.0
CAACCAACAGGAAGATGGTCACTCGTGTGATGAAGGTTGATGGCA,P_2,142140.0,3591335,44.0,82641.0,59499.0,44851.0
CGCTAGTTAGGAAGGCTAACACTCAGACGAACAAGGTGACAGTGA,P_4,141904.0,3597336,52.0,82034.0,59870.0,43722.0
TACCACAGAGGATTGGTAGCACTCCATCGTTGAAGGCGACCTATA,P_3,141036.0,3523634,40.0,79338.0,61698.0,48298.0
CAACCAACAGGAGGACGAATACTCGTGTGATGAAGGCTGTGAACA,P_0,141287.0,3414354,53.0,78385.0,62902.0,49637.0
GTGAGACTAGGAAGGCATTGACTCGCAATGACAAGGCGACCTATA,P_3,141210.0,3584641,38.0,80342.0,60868.0,47530.0
GGTCTCATAGGATGGTCACTACTCGGAACTGTAAGGGATGGTCTA,P_3,140930.0,3544822,42.0,82404.0,58526.0,43920.0
TACCACAGAGGACGACATTCACTCAGCATTGGAAGGTGGTCTCAA,P_1,140757.0,3550593,43.0,81859.0,58898.0,44790.0
GGTTGATGAGGAGGACGAATACTCTCCAGTCTAAGGCGGTTGATA,P_5,140627.0,3398606,6.0,80587.0,60040.0,46740.0
ACTAACCGAGGAAACGATGGACTCGCTGGATAAAGGTGGTCTCAA,P_1,140334.0,3589382,57.0,82286.0,58048.0,43924.0
GTGAGACTAGGAGTCTGCTAACTCCATCGTTGAAGGCTGTGAACA,P_0,140546.0,3304215,57.0,76087.0,64459.0,50465.0
AGGTCCAAAGGAAGGCATTGACTCAGAATGCCAAGGTCCTCAACA,P_3,140137.0,3569894,46.0,81660.0,58477.0,44267.0
ACCTCGTAAGGAAACGATGGACTCACAGTAGCAAGGGTCGGTAAA,P_4,139510.0,3576264,42.0,81894.0,57616.0,42657.0
GTGAGACTAGGATTGGTAGCACTCGTGTGATGAAGGCACTGACAA,P_4,139062.0,3500490,41.0,79339.0,59723.0,43705.0
GGTTGATGAGGAGATACCGAACTCTGCTATGGAAGGTGGTCTCAA,P_1,139275.0,3485977,55.0,80521.0,58754.0,44050.0
ACCTCGTAAGGAAGGCATTGACTCTATGCGACAAGGGTCGGTAAA,P_4,139013.0,3563040,46.0,80339.0,58674.0,43529.0
GGTCATTGAGGAGTCTGCTAACTCAGACGAACAAGGACATCGTCA,P_0,139470.0,3532793,50.0,80949.0,58521.0,44110.0
AAGGCTTGAGGAAGACCGATACTCAGAATGCCAAGGTGACAGTGA,P_4,139056.0,3560107,44.0,80478.0,58578.0,43707.0
CAACCAACAGGAAGACCGATACTCACAGTAGCAAGGCGGTTGATA,P_5,139133.0,3518342,47.0,82327.0,56806.0,43229.0
TATCAGCCAGGACGACAAGAACTCAGAATGCCAAGGTTGGATGCA,P_0,139252.0,3559143,49.0,82874.0,56378.0,42451.0
CGGTAGAAAGGATTGGTAGCACTCCACCATCTAAGGTCCAGGATA,P_1,138887.0,3554624,44.0,80505.0,58382.0,44101.0
GTGTAAGCAGGAGGAACCAAACTCCACCATCTAAGGCACTGACAA,P_4,138045.0,3538191,46.0,79651.0,58394.0,43612.0
TGTGGTTGAGGAAAGGTGACACTCTAACGGAGAAGGCGACCTATA,P_3,138289.0,3563929,44.0,82854.0,55435.0,40852.0
ACTAACCGAGGAGGACGAATACTCGTGTGATGAAGGGTTACGGTA,P_0,138437.0,3508442,53.0,80857.0,57580.0,43519.0
GGTCTCATAGGAGATACCGAACTCTCTGGAACAAGGCACTGACAA,P_2,137677.0,3499519,50.0,79216.0,58461.0,43877.0
TATCAGCCAGGATTCGGTAGACTCTCCAGTCTAAGGCGACCTATA,P_3,137499.0,3500008,49.0,81171.0,56328.0,42209.0
GTGAGACTAGGACTTCAGCAACTCAGAATGCCAAGGTTGATGGCA,P_2,137259.0,3586411,52.0,80984.0,56275.0,42574.0
CGGTAGAAAGGACACCTTGAACTCGTGTGATGAAGGCGACCTATA,P_3,136952.0,3514547,43.0,78953.0,57999.0,42939.0
AGGTCCAAAGGAGGAACCAAACTCAGGTCGTAAAGGGTGACTCTA,P_2,137118.0,3589167,50.0,82917.0,54201.0,40713.0
GTGGTGATAGGACTTCAGCAACTCCACCATCTAAGGTTGGATGCA,P_0,137066.0,3479330,42.0,80779.0,56287.0,42542.0
GTGTAAGCAGGAGATACCGAACTCCACCATCTAAGGCACTGACAA,P_2,136640.0,3459491,39.0,78061.0,58579.0,43242.0
GTGAGACTAGGAAACTGCTCACTCAGAATGCCAAGGTTGGATGCA,P_0,137007.0,3453240,42.0,79410.0,57597.0,43510.0
ATACGACCAGGACGACAAGAACTCAGCATTGGAAGGTGGTCTCAA,P_1,136652.0,3506477,42.0,79459.0,57193.0,43131.0
ACTAACCGAGGACGACATTCACTCTCCAGTCTAAGGAGATACCGA,P_2,135521.0,3470837,52.0,78901.0,56620.0,43114.0
AAGGCTTGAGGAGGAACCAAACTCGCTGGATAAAGGTTGACCACA,P_3,135695.0,3522058,45.0,81214.0,54481.0,41332.0
CAACCAACAGGATGGTCACTACTCTACAACCGAAGGCGGTTGATA,P_5,135854.0,3516264,43.0,80732.0,55122.0,42484.0
TGTGGTTGAGGAAACGATGGACTCGCAATGACAAGGGATGGTCTA,P_3,135404.0,3419807,48.0,79462.0,55942.0,41734.0
AGGTCCAAAGGACGACAAGAACTCAGAATGCCAAGGTGACAGTGA,P_4,134723.0,3422739,49.0,77247.0,57476.0,42617.0
GTGGTGATAGGAAGACCGATACTCCATCGTTGAAGGTGACAGTGA,P_4,134675.0,3430179,43.0,77423.0,57252.0,42529.0
ATATGCGGAGGAAGATGGTCACTCCACCATCTAAGGTCCTCAACA,P_3,134679.0,3433767,44.0,77862.0,56817.0,42687.0
GGTCATTGAGGAAAGGTGACACTCTGCTATGGAAGGTTGATGGCA,P_2,134680.0,3296545,37.0,76344.0,58336.0,44483.0
GGTTGATGAGGATGGTCACTACTCTCTGCTTGAAGGGACAGCATA,P_5,134831.0,3408685,53.0,78724.0,56107.0,42649.0
TGTGGTTGAGGAAACGATGGACTCCATCGTTGAAGGCGGTAAGTA,P_4,133749.0,3501211,43.0,77382.0,56367.0,41918.0
GTGTAAGCAGGACTTCAGCAACTCAGACGAACAAGGCGACCTATA,P_3,133881.0,3510521,49.0,80828.0,53053.0,39753.0
TATCCGGTAGGAGTCTGCTAACTCTCCAGTCTAAGGTTGACCACA,P_3,133972.0,3441853,46.0,79332.0,54640.0,40335.0
GTGAGACTAGGACGACAAGAACTCTCTGGAACAAGGCACTGACAA,P_4,133202.0,3454421,44.0,75628.0,57574.0,41619.0
TGTGGTTGAGGACGCTACTAACTCCGCCAATAAAGGCGACCTATA,P_3,133705.0,3472684,55.0,80611.0,53094.0,39281.0
TACCACAGAGGAAGATGGTCACTCAGACGAACAAGGCTGTGAACA,P_0,133433.0,3261515,50.0,74920.0,58513.0,45113.0
GGTCATTGAGGAGGAACCAAACTCGGAACTGTAAGGTCCAGGATA,P_1,133089.0,3335130,40.0,77014.0,56075.0,42246.0
CGACAGTAAGGAAAGGTGACACTCAGAATGCCAAGGCGGTTGATA,P_5,133123.0,3363978,57.0,77572.0,55551.0,42355.0
ATACGACCAGGAATGGTGTGACTCTAACGGAGAAGGACATCGTCA,P_0,132430.0,3319943,51.0,75825.0,56605.0,43482.0
CAACCAACAGGATTGGTAGCACTCACAGTAGCAAGGTGACAGTGA,P_4,131908.0,3376935,42.0,76620.0,55288.0,40838.0
ACCTCGTAAGGAACCTTCAGACTCTCTGCTTGAAGGCGACCTATA,P_3,132107.0,3367600,43.0,77528.0,54579.0,40759.0
GTAATGCCAGGACTTCAGCAACTCTACAACCGAAGGGACAGCATA,P_5,132216.0,3361759,47.0,77816.0,54400.0,41665.0
CGCTAGTTAGGAAGGCATTGACTCGGAACTGTAAGGGATGGTCTA,P_3,131934.0,3327653,45.0,77300.0,54634.0,40958.0
GTGAGACTAGGATGGTCACTACTCGTGTGATGAAGGTGACAGTGA,P_4,131661.0,3364990,45.0,75801.0,55860.0,42151.0
GTGTAAGCAGGACGACATTCACTCAGCATTGGAAGGTTGGATGCA,P_0,132063.0,3492879,44.0,81039.0,51024.0,38211.0
GGTCATTGAGGAACCTTCAGACTCAGCATTGGAAGGTTGATGGCA,P_2,132020.0,3341891,51.0,77370.0,54650.0,40854.0
CGCTAGTTAGGAAGATGGTCACTCAGCATTGGAAGGCACTGACAA,P_4,131545.0,3368799,58.0,76689.0,54856.0,40925.0
ATACGACCAGGAAGGCTAACACTCCGCCAATAAAGGACATCGTCA,P_0,131276.0,3380563,51.0,77753.0,53523.0,40411.0
ATACGACCAGGAATGGTGTGACTCTCCAGTCTAAGGCACTGACAA,P_2,130683.0,3351120,42.0,74778.0,55905.0,41816.0
TACCACAGAGGAACCTTCAGACTCTGCTATGGAAGGTCCTCAACA,P_3,131121.0,3355984,42.0,77595.0,53526.0,40378.0
TATCCGGTAGGAAGATGGTCACTCGCAATGACAAGGGACAGCATA,P_5,131395.0,3339861,43.0,78058.0,53337.0,40810.0
CAACTTGCAGGACTTCAGCAACTCAGAATGCCAAGGTCCAGGATA,P_1,130860.0,3183953,48.0,73392.0,57468.0,44580.0
GTAATGCCAGGAGGACGAATACTCCACCATCTAAGGCGGTAAGTA,P_4,130445.0,3367226,49.0,75141.0,55304.0,41164.0
AGGTCCAAAGGAAACGATGGACTCGTGTGATGAAGGTTGACCACA,P_3,131121.0,3276174,50.0,74837.0,56284.0,43077.0
GGTCTCATAGGAATGGTGTGACTCTCTGGAACAAGGTGGTCTCAA,P_1,130667.0,3300676,53.0,75827.0,54840.0,42028.0
AATGGCAGAGGACGACATTCACTCTGCTATGGAAGGTTGACCACA,P_3,130626.0,3352034,42.0,76795.0,53831.0,39892.0
GTGTAAGCAGGACGACATTCACTCTCCAGTCTAAGGGGCATCAAA,P_2,130581.0,3389779,53.0,76911.0,53670.0,40816.0
GTGGTGATAGGAAGACCGATACTCAGACGAACAAGGAGATACCGA,P_2,130384.0,3395942,50.0,77412.0,52972.0,39328.0
CAACCAACAGGATTCGGTAGACTCAGACACCAAAGGTGGTCTCAA,P_1,130355.0,3265958,48.0,76157.0,54198.0,40540.0
CGGTAGAAAGGACTTCAGCAACTCGCAATGACAAGGTTGATGGCA,P_2,130133.0,3353090,40.0,76880.0,53253.0,39885.0
GTGTAAGCAGGATACAGCAGACTCCATCGTTGAAGGACATCGTCA,P_0,130091.0,3332792,46.0,76138.0,53953.0,41148.0
GTGTAAGCAGGAACCTTCAGACTCCATCGTTGAAGGAGATACCGA,P_2,129755.0,3324740,42.0,75050.0,54705.0,41509.0
TACCACAGAGGAGGACGAATACTCTATGCGACAAGGGTCGGTAAA,P_4,129436.0,3329463,44.0,75173.0,54263.0,40423.0
GGTCTCATAGGAAACTGCTCACTCTCCAGTCTAAGGGTGACTCTA,P_2,129811.0,3285579,42.0,75570.0,54241.0,40561.0
CGGTAGAAAGGAAGGCATTGACTCGCTGGATAAAGGCGACCTATA,P_3,129273.0,3093094,38.0,69445.0,59828.0,45400.0
AATGGCAGAGGATTCGGTAGACTCTCTGGAACAAGGGTGACTCTA,P_2,129391.0,3268181,47.0,74680.0,54711.0,41438.0
ATCGACAGAGGAGGACGAATACTCCGCCAATAAAGGTTGACCACA,P_3,129253.0,3390061,56.0,77194.0,52059.0,38579.0
ATACGACCAGGAAACGATGGACTCTATGCGACAAGGTTCCACTCA,P_1,128984.0,3214062,45.0,73226.0,55758.0,41935.0
ATACGACCAGGACGACAAGAACTCTCTGGAACAAGGACATCGTCA,P_0,129094.0,3284869,41.0,75009.0,54085.0,41061.0
ACCTCGTAAGGAAGACCGATACTCAGACACCAAAGGCGGTTGATA,P_5,129265.0,3244969,47.0,74908.0,54357.0,41581.0
CAACTTGCAGGAAGACCGATACTCGTGTGATGAAGGGATGGTCTA,P_3,128512.0,3273880,40.0,75526.0,52986.0,36832.0
GGTTGATGAGGACACCTTGAACTCAGAATGCCAAGGTTGATGGCA,P_2,128980.0,3396230,40.0,78435.0,50545.0,36960.0
TACCACAGAGGAAGACCGATACTCCAGGTGAAAAGGTCCTCAACA,P_3,128691.0,3262617,49.0,75676.0,53015.0,40053.0
ACCTCGTAAGGATTGGTAGCACTCAGACGAACAAGGAGATACCGA,P_2,128754.0,3364039,41.0,76274.0,52480.0,39220.0
ACCTCGTAAGGAGGAACCAAACTCAGAATGCCAAGGAGATACCGA,P_2,128494.0,3344948,46.0,74289.0,54205.0,40768.0
ATCGACAGAGGACGCTACTAACTCGCTGGATAAAGGTGGTCTCAA,P_1,128358.0,3258534,49.0,74171.0,54187.0,40828.0
GGTCATTGAGGATTCGGTAGACTCAGGTCGTAAAGGTGGTCTCAA,P_1,128289.0,3240867,45.0,73911.0,54378.0,40675.0
CGCTAGTTAGGACCATACGAACTCTACAACCGAAGGGACAGCATA,P_5,128419.0,3265537,50.0,74862.0,53557.0,41835.0
GTGTAAGCAGGAACCTTCAGACTCTACAACCGAAGGAGATACCGA,P_2,128257.0,3318500,49.0,75403.0,52854.0,39957.0
GGTCTCATAGGAAACTGCTCACTCCGAACTTGAAGGGATGGTCTA,P_3,128166.0,3375304,42.0,78227.0,49939.0,38127.0
ATACGACCAGGAGATACCGAACTCCGAACTTGAAGGACATCGTCA,P_0,127711.0,3169210,51.0,72492.0,55219.0,42627.0
AAGGCTTGAGGATGGTCACTACTCCGCCAATAAAGGGGCATCAAA,P_2,127711.0,3311196,47.0,75455.0,52256.0,39577.0
TGTGGTTGAGGATGGTCACTACTCCAGGTGAAAAGGAGATACCGA,P_2,127617.0,3251795,48.0,74271.0,53346.0,39646.0
GTAATGCCAGGATTCGGTAGACTCAGCATTGGAAGGGTCGGTAAA,P_4,127235.0,3346254,38.0,74929.0,52306.0,39446.0
GGTTGATGAGGATTGGTAGCACTCCGAACTTGAAGGCGGTTGATA,P_5,126789.0,2925951,47.0,64868.0,61921.0,48331.0
GGTTGATGAGGATTGGTAGCACTCCAGGTGAAAAGGAGATACCGA,P_2,126566.0,3232298,53.0,71455.0,55111.0,40902.0
GTGTAAGCAGGAATGGTGTGACTCTATGCGACAAGGGTGACTCTA,P_2,126158.0,3008058,44.0,67972.0,58186.0,43699.0
GTGAGACTAGGAAAGGTGACACTCTGCTATGGAAGGTGACAGTGA,P_4,126060.0,3207746,46.0,73204.0,52856.0,39353.0
GTGGTGATAGGATACAGCAGACTCAGACGAACAAGGTGGTCTCAA,P_1,126069.0,3228676,50.0,73365.0,52704.0,39624.0
ATATGCGGAGGAAAGGTGACACTCAGACACCAAAGGAGATACCGA,P_2,125977.0,3208931,48.0,72152.0,53825.0,40847.0
AGGTCCAAAGGATTGGTAGCACTCAGGTCGTAAAGGTTGGATGCA,P_0,125888.0,3193336,54.0,72917.0,52971.0,39723.0
ACCTCGTAAGGATTCGGTAGACTCTCCAGTCTAAGGCGACCTATA,P_3,126228.0,3275837,43.0,75707.0,50521.0,37355.0
AATGGCAGAGGATGGTCACTACTCGTGTGATGAAGGCGACCTATA,P_3,125654.0,3179803,50.0,72939.0,52715.0,39251.0
AAGGCTTGAGGAAGGCATTGACTCCATCGTTGAAGGAGATACCGA,P_2,125825.0,3364148,39.0,76279.0,49546.0,36562.0
CGCTAGTTAGGACGACATTCACTCAGACACCAAAGGACATCGTCA,P_0,125873.0,3177042,45.0,72781.0,53092.0,40532.0
TATCCGGTAGGAACCTTCAGACTCCGCCAATAAAGGTTGATGGCA,P_2,125481.0,3252295,50.0,74582.0,50899.0,38464.0
TGTGGTTGAGGACTGCTCAAACTCTCTGGAACAAGGTGGTCTCAA,P_1,125244.0,3186309,45.0,72263.0,52981.0,40425.0
GTGAGACTAGGAGGAACCAAACTCTACAACCGAAGGGGCATCAAA,P_2,125456.0,3282324,42.0,75610.0,49846.0,36772.0
GTAATGCCAGGAGATACCGAACTCCGAACTTGAAGGCGACCTATA,P_2,125356.0,3218348,50.0,74120.0,51236.0,38554.0
ACCTCGTAAGGATTGGTAGCACTCAGAATGCCAAGGCTGTGAACA,P_0,124925.0,3040377,58.0,68643.0,56282.0,43675.0
CAACCAACAGGAATGGTGTGACTCCATCGTTGAAGGCGACCTATA,P_3,124912.0,3201990,38.0,72570.0,52342.0,39927.0
TATCAGCCAGGAAACTGCTCACTCTGCTATGGAAGGGATGGTCTA,P_3,124787.0,3305089,46.0,76255.0,48532.0,35584.0
GTGGTGATAGGATGGTCACTACTCGCAATGACAAGGCGGTAAGTA,P_4,124628.0,3222491,44.0,72260.0,52368.0,38510.0
ACCTCGTAAGGAAAGGTGACACTCCACCATCTAAGGCGACCTATA,P_3,124374.0,3058114,39.0,69178.0,55196.0,41452.0
AATGGCAGAGGACGACATTCACTCGCTGGATAAAGGGACAGCATA,P_5,124564.0,3069715,59.0,72406.0,52158.0,39850.0
ATCGACAGAGGAAGGCATTGACTCGTGTGATGAAGGCGACCTATA,P_3,124179.0,3149063,40.0,71814.0,52365.0,39754.0
CGGTAGAAAGGAAGACCGATACTCGGAACTGTAAGGTGACAGTGA,P_4,124128.0,3291059,39.0,72156.0,51972.0,38814.0
GGTTGATGAGGATTGGTAGCACTCAGGACATCAAGGGACAGCATA,P_5,124318.0,3110595,49.0,71750.0,52568.0,40186.0
CAACTTGCAGGAAGGCTAACACTCTCTGCTTGAAGGAGATACCGA,P_2,123924.0,3192037,46.0,72578.0,51346.0,38063.0
ACCTCGTAAGGAGTCTGCTAACTCAGACGAACAAGGTTGATGGCA,P_2,123823.0,3186047,44.0,72603.0,51220.0,38119.0
ATCGACAGAGGAAACTGCTCACTCTGCTATGGAAGGCGGTTGATA,P_5,123719.0,3122883,46.0,70633.0,53086.0,40942.0
ATACGACCAGGAGTCTGCTAACTCTCTGCTTGAAGGCGACCTATA,P_3,123322.0,3204366,41.0,73587.0,49735.0,37390.0
GTGGTGATAGGAGGAACCAAACTCGGAACTGTAAGGTGGTCTCAA,P_1,123042.0,3146761,42.0,70968.0,52074.0,39114.0
AATGGCAGAGGAAGGCTAACACTCTATGCGACAAGGCGACCTATA,P_3,122920.0,3168370,47.0,71634.0,51286.0,38153.0
GGTCTCATAGGAGATACCGAACTCGGAACTGTAAGGTGACAGTGA,P_2,122820.0,3132978,44.0,69936.0,52884.0,39799.0
AAGGCTTGAGGAGGACGAATACTCTCTGCTTGAAGGTTGACCACA,P_3,123195.0,3193317,46.0,73716.0,49479.0,37236.0
ATATGCGGAGGAACCTTCAGACTCAGGACATCAAGGCGACCTATA,P_3,122853.0,3163934,46.0,72496.0,50357.0,37898.0
GTGTAAGCAGGACTTCAGCAACTCGTGTGATGAAGGGTTACGGTA,P_0,123157.0,3123289,50.0,70859.0,52298.0,40403.0
GTAATGCCAGGAGGACGAATACTCAGAATGCCAAGGTGACAGTGA,P_4,122591.0,3147288,44.0,70244.0,52347.0,39042.0
AAGGCTTGAGGAAGACCGATACTCAGAATGCCAAGGTCCTCAACA,P_3,122685.0,3106903,51.0,71095.0,51590.0,39683.0
CAACTTGCAGGAAGACCGATACTCCGCCAATAAAGGGGCATCAAA,P_2,122791.0,3129628,56.0,72172.0,50619.0,38747.0
CGACAGTAAGGAAAGGTGACACTCGGAACTGTAAGGCGACCTATA,P_3,122038.0,3128619,46.0,71057.0,50981.0,38735.0
AAGGCTTGAGGACTTCAGCAACTCAGCATTGGAAGGTTGACCACA,P_3,121865.0,3238543,48.0,73547.0,48318.0,35846.0
CGGTAGAAAGGACTGCTCAAACTCTCCAGTCTAAGGCGACCTATA,P_3,121856.0,3147346,39.0,72836.0,49020.0,36422.0
CGCTAGTTAGGAAACGATGGACTCAGGACATCAAGGCACTGACAA,P_4,121668.0,3082979,43.0,69286.0,52382.0,39163.0
CGACAGTAAGGATTCGGTAGACTCAGCATTGGAAGGGATGGTCTA,P_3,121664.0,3204500,43.0,73128.0,48536.0,36468.0
CAACTTGCAGGATTCGGTAGACTCTATGCGACAAGGCACTGACAA,P_4,121298.0,3162099,42.0,70980.0,50318.0,37485.0
CGCTAGTTAGGAACCTTCAGACTCGTGTGATGAAGGCGGTAAGTA,P_4,121267.0,3170147,37.0,70368.0,50899.0,38523.0
ACTAACCGAGGAAGACCGATACTCTACAACCGAAGGTGGTCTCAA,P_1,121258.0,3082021,41.0,70660.0,50598.0,38307.0
AATGGCAGAGGAAACGATGGACTCTAACGGAGAAGGGTGACTCTA,P_2,121521.0,3039693,45.0,69639.0,51882.0,38817.0
CGGTAGAAAGGAAGACCGATACTCTCTGGAACAAGGCTGTGAACA,P_0,121321.0,3010264,48.0,69401.0,51920.0,39932.0
TGTGGTTGAGGAGATACCGAACTCTGCTATGGAAGGTTGACCACA,P_2,121208.0,3177843,50.0,73577.0,47631.0,35106.0
GTGGTGATAGGAAAGGTGACACTCGCAATGACAAGGTTGATGGCA,P_2,120805.0,3129985,48.0,70969.0,49836.0,37296.0
CAACCAACAGGATGGTCACTACTCTGCTATGGAAGGCTGTGAACA,P_0,121035.0,2923497,59.0,67618.0,53417.0,42190.0
GGTCTCATAGGAGGAACCAAACTCCGAACTTGAAGGAGATACCGA,P_2,120835.0,3123817,39.0,70247.0,50588.0,38484.0
CGACAGTAAGGAAAGGTGACACTCACAGTAGCAAGGCGGTTGATA,P_5,120595.0,3074693,54.0,70397.0,50198.0,38602.0
AATGGCAGAGGACGACAAGAACTCTATGCGACAAGGCGACCTATA,P_3,120405.0,3140567,41.0,70643.0,49762.0,37160.0
GGTCATTGAGGATTGGTAGCACTCCGAACTTGAAGGTTGATGGCA,P_2,120244.0,3057595,48.0,70057.0,50187.0,38079.0
TATCAGCCAGGATACAGCAGACTCTCTGCTTGAAGGGATGGTCTA,P_3,120237.0,3108746,49.0,71972.0,48265.0,36101.0
AATGGCAGAGGACGACAAGAACTCCGAACTTGAAGGAGATACCGA,P_2,120223.0,3085117,54.0,69606.0,50617.0,38371.0
GTGGTGATAGGATACAGCAGACTCTCTGGAACAAGGCACTGACAA,P_4,119692.0,3060746,46.0,68830.0,50862.0,37690.0
ACCTCGTAAGGATGGTCACTACTCCGAACTTGAAGGTTCCACTCA,P_1,119926.0,3106847,50.0,71489.0,48437.0,36934.0
CGCTAGTTAGGAGGAACCAAACTCGCTGGATAAAGGTCCAGGATA,P_1,119714.0,2703050,52.0,66335.0,53379.0,43179.0
CAACCAACAGGACTTCAGCAACTCAGCATTGGAAGGTTGATGGCA,P_2,119765.0,3121801,42.0,70820.0,48945.0,37249.0
GTGGTGATAGGATGGTCACTACTCAGCATTGGAAGGTTGACCACA,P_3,119686.0,3121580,41.0,71070.0,48616.0,35922.0
CGGTAGAAAGGATACAGCAGACTCTCCAGTCTAAGGGATGGTCTA,P_3,119230.0,2999608,55.0,69881.0,49349.0,37287.0
CGCTAGTTAGGAGGAACCAAACTCGCTGGATAAAGGTGACAGTGA,P_4,118871.0,3081751,41.0,69559.0,49312.0,36752.0
CGGTAGAAAGGAGTCTGCTAACTCCGCCAATAAAGGAGATACCGA,P_2,119093.0,3088008,50.0,69895.0,49198.0,37085.0
GTGAGACTAGGAGGACGAATACTCGTGTGATGAAGGTTGATGGCA,P_2,119062.0,2992611,43.0,68378.0,50684.0,38137.0
GTGAGACTAGGAGGACGAATACTCTCTGCTTGAAGGGTCGGTAAA,P_4,118810.0,3095701,45.0,69791.0,49019.0,36420.0
GGTCATTGAGGACACCTTGAACTCTATGCGACAAGGTGGTCTCAA,P_1,118847.0,2999394,57.0,68888.0,49959.0,37240.0
GTAATGCCAGGAGGACGAATACTCGTGTGATGAAGGTTGATGGCA,P_2,118798.0,3034589,48.0,69315.0,49483.0,37259.0
CAACCAACAGGACTGCTCAAACTCGTGTGATGAAGGTTCCACTCA,P_1,118750.0,3083935,43.0,69888.0,48862.0,37122.0
CAACCAACAGGATTGGTAGCACTCTATGCGACAAGGTTGACCACA,P_3,118682.0,3098165,45.0,70565.0,48117.0,35574.0
CGGTAGAAAGGACACCTTGAACTCAGAATGCCAAGGCGGTAAGTA,P_4,118303.0,3036614,44.0,68087.0,50216.0,36357.0
AGGTCCAAAGGATACAGCAGACTCTATGCGACAAGGTGACAGTGA,P_4,118340.0,3064144,38.0,67574.0,50766.0,38120.0
CGGTAGAAAGGAGTCTGCTAACTCGGAACTGTAAGGCGACCTATA,P_3,118443.0,3055451,51.0,70058.0,48385.0,35872.0
CAACCAACAGGACTGCTCAAACTCCATCGTTGAAGGTGGTCTCAA,P_1,118164.0,2990975,55.0,68169.0,49995.0,38464.0
AATGGCAGAGGATGGTCACTACTCAGGTCGTAAAGGGATGGTCTA,P_3,117980.0,3001623,52.0,69347.0,48633.0,36486.0
GGTCTCATAGGAAAGGTGACACTCTATGCGACAAGGCGACCTATA,P_3,118153.0,3137948,38.0,69529.0,48624.0,36566.0
AGGTCCAAAGGAGGACGAATACTCTCTGCTTGAAGGGACAGCATA,P_5,118336.0,3023505,48.0,69024.0,49312.0,38041.0
GGTTGATGAGGACGACATTCACTCGCAATGACAAGGAGATACCGA,P_2,117884.0,3046975,44.0,68630.0,49254.0,37582.0
GGTCTCATAGGATACAGCAGACTCCGCCAATAAAGGGTTACGGTA,P_0,117922.0,3030173,53.0,69816.0,48106.0,36028.0
TATCAGCCAGGAGTCTGCTAACTCTCTGGAACAAGGGATGGTCTA,P_3,117517.0,2955101,58.0,68106.0,49411.0,37584.0
GTGAGACTAGGACCATACGAACTCTCCAGTCTAAGGGGCATCAAA,P_2,117444.0,2921424,49.0,68477.0,48967.0,37699.0
GGTCTCATAGGACCATACGAACTCTACAACCGAAGGACATCGTCA,P_0,117373.0,2954671,48.0,67526.0,49847.0,38707.0
ACCTCGTAAGGAAAGGTGACACTCGGAACTGTAAGGTCCAGGATA,P_1,117194.0,2944693,48.0,66707.0,50487.0,38540.0
CAACTTGCAGGACGCTACTAACTCGCTGGATAAAGGCGACCTATA,P_3,117131.0,3148524,44.0,72020.0,45111.0,33086.0
ACTAACCGAGGACTGCTCAAACTCAGCATTGGAAGGTGACAGTGA,P_4,116934.0,2998564,45.0,68002.0,48932.0,36279.0
GTGGTGATAGGATGGTCACTACTCAGAATGCCAAGGCTGTGAACA,P_0,117094.0,2820636,52.0,64903.0,52191.0,41104.0
TACCACAGAGGACTGCTCAAACTCTATGCGACAAGGTGGTCTCAA,P_1,117033.0,2984262,46.0,68278.0,48755.0,36327.0
ATATGCGGAGGAGTCTGCTAACTCCAGGTGAAAAGGAGATACCGA,P_2,116890.0,2995100,41.0,67996.0,48894.0,36374.0
TACCACAGAGGAAGGCATTGACTCAGGACATCAAGGACATCGTCA,P_0,116937.0,2979655,53.0,68025.0,48912.0,36993.0
CAACCAACAGGATTCGGTAGACTCTCTGGAACAAGGGACAGCATA,P_5,116954.0,3014547,45.0,68945.0,48009.0,37046.0
AATGGCAGAGGAAGGCTAACACTCGTGTGATGAAGGGATGGTCTA,P_3,116668.0,2893683,45.0,66671.0,49997.0,37475.0
GTGTAAGCAGGATGGTCACTACTCAGCATTGGAAGGTTGATGGCA,P_2,116590.0,3000572,47.0,68087.0,48503.0,35858.0
TGTGGTTGAGGATTGGTAGCACTCTCTGCTTGAAGGGACAGCATA,P_5,116515.0,2968123,50.0,67813.0,48702.0,37425.0
ATATGCGGAGGACACCTTGAACTCAGACGAACAAGGGACAGCATA,P_5,116395.0,2920472,14.0,68029.0,48366.0,37022.0
ATACGACCAGGACGACATTCACTCTGCTATGGAAGGTTGGATGCA,P_0,115988.0,3000337,41.0,67591.0,48397.0,36771.0
CGACAGTAAGGAAACGATGGACTCTCTGCTTGAAGGGTCGGTAAA,P_4,115082.0,2944149,43.0,66009.0,49073.0,36802.0
CGCTAGTTAGGATACAGCAGACTCAGGTCGTAAAGGGTTACGGTA,P_0,115714.0,3017504,46.0,68259.0,47455.0,36170.0
CAACCAACAGGAAGGCATTGACTCTCCAGTCTAAGGGTTACGGTA,P_0,115602.0,2919107,38.0,66372.0,49230.0,37451.0
ATCGACAGAGGAGATACCGAACTCAGACACCAAAGGGTGACTCTA,P_2,115385.0,2897490,51.0,65859.0,49526.0,37537.0
TACCACAGAGGACCATACGAACTCGCAATGACAAGGGTTACGGTA,P_0,115387.0,2936005,44.0,67702.0,47685.0,36237.0
CAACCAACAGGACGACATTCACTCTGCTATGGAAGGTCCAGGATA,P_1,115129.0,2896892,55.0,66435.0,48694.0,37028.0
ATACGACCAGGAAACGATGGACTCACAGTAGCAAGGACATCGTCA,P_0,115035.0,2950640,45.0,65870.0,49165.0,37139.0
GTGGTGATAGGACGACAAGAACTCCGAACTTGAAGGTGGTCTCAA,P_1,114759.0,2910230,58.0,66367.0,48392.0,36667.0
CGCTAGTTAGGAATGGTGTGACTCCGCCAATAAAGGCTGTGAACA,P_0,114841.0,2819617,48.0,63737.0,51104.0,39786.0
TGTGGTTGAGGATACAGCAGACTCTCTGGAACAAGGGTCGGTAAA,P_4,114239.0,2915121,47.0,65703.0,48536.0,35621.0
GGTTGATGAGGAGGAACCAAACTCTGCTATGGAAGGGTCGGTAAA,P_4,114304.0,2971982,45.0,67146.0,47158.0,35079.0
GTGAGACTAGGAAAGGTGACACTCTATGCGACAAGGTGGTCTCAA,P_1,114442.0,2920114,45.0,66848.0,47594.0,35803.0
CAACTTGCAGGAGTCTGCTAACTCTACAACCGAAGGGTTACGGTA,P_0,113751.0,2871878,44.0,65959.0,47792.0,36174.0
GTGTAAGCAGGAAGACCGATACTCTCCAGTCTAAGGCGACCTATA,P_3,113484.0,2943446,48.0,66762.0,46722.0,34553.0
GTAATGCCAGGATGGTCACTACTCGGAACTGTAAGGGTTACGGTA,P_0,113046.0,2896526,56.0,66701.0,46345.0,35208.0
AATGGCAGAGGAGGACGAATACTCACAGTAGCAAGGCATACCGTA,P_1,113253.0,2951190,43.0,67321.0,45932.0,34720.0
ATACGACCAGGATTCGGTAGACTCTCTGGAACAAGGGTGACTCTA,P_2,112861.0,2973791,57.0,68166.0,44695.0,33180.0
AATGGCAGAGGATTGGTAGCACTCCACCATCTAAGGCACTGACAA,P_4,112237.0,2865001,44.0,64799.0,47438.0,35175.0
CAACCAACAGGAGGACGAATACTCTCCAGTCTAAGGTTGACCACA,P_3,112614.0,2939620,48.0,67732.0,44882.0,33506.0
GTAATGCCAGGACTTCAGCAACTCCGAACTTGAAGGTGACAGTGA,P_4,112158.0,2873548,53.0,64337.0,47821.0,35621.0
TATCCGGTAGGATTCGGTAGACTCCACCATCTAAGGTTGGATGCA,P_0,112329.0,2871897,54.0,65669.0,46660.0,35561.0
AAGGCTTGAGGACGCTACTAACTCAGGTCGTAAAGGCGGTAAGTA,P_4,111887.0,2870919,51.0,64368.0,47519.0,34796.0
CGCTAGTTAGGAGGACGAATACTCTCTGCTTGAAGGTGACAGTGA,P_4,111285.0,2559100,38.0,61909.0,49376.0,38492.0
AATGGCAGAGGAAGGCATTGACTCAGCATTGGAAGGTCCTCAACA,P_3,111741.0,2926910,42.0,65991.0,45750.0,34316.0
AATGGCAGAGGATACAGCAGACTCCGAACTTGAAGGCACTGACAA,P_4,111415.0,2853482,48.0,63940.0,47475.0,34432.0
TGTGGTTGAGGATGGTCACTACTCCAGGTGAAAAGGTGACAGTGA,P_4,111420.0,2913564,43.0,65192.0,46228.0,34131.0
TACCACAGAGGAGGAACCAAACTCCATCGTTGAAGGAGATACCGA,P_2,111491.0,2977005,48.0,67499.0,43992.0,32537.0
CAACCAACAGGAGGACGAATACTCTACAACCGAAGGACATCGTCA,P_0,111424.0,2920965,47.0,67205.0,44219.0,33579.0
ATATGCGGAGGACGACATTCACTCACAGTAGCAAGGGGCATCAAA,P_2,111400.0,2911142,47.0,66653.0,44747.0,33313.0
GGTCATTGAGGACTGCTCAAACTCCGCCAATAAAGGTTGATGGCA,P_2,111068.0,2886890,43.0,65507.0,45561.0,34780.0
TATCAGCCAGGATTCGGTAGACTCTGCTATGGAAGGCGGTAAGTA,P_4,110807.0,2883312,43.0,64748.0,46059.0,33894.0
AATGGCAGAGGATTGGTAGCACTCACAGTAGCAAGGTTGGATGCA,P_0,110923.0,2819096,46.0,65020.0,45903.0,34379.0
TGTGGTTGAGGACGACAAGAACTCCATCGTTGAAGGGTTACGGTA,P_0,111124.0,2889928,44.0,66074.0,45050.0,34193.0
GGTCATTGAGGATTGGTAGCACTCAGACACCAAAGGGGCATCAAA,P_2,110736.0,2834115,50.0,64563.0,46173.0,35230.0
CGGTAGAAAGGACTGCTCAAACTCCATCGTTGAAGGCACTGACAA,P_4,109790.0,2857142,45.0,63831.0,45959.0,33975.0
ATACGACCAGGAAAGGTGACACTCAGGACATCAAGGGTTACGGTA,P_0,110143.0,2844504,60.0,64632.0,45511.0,34380.0
AAGGCTTGAGGACACCTTGAACTCCACCATCTAAGGGGCATCAAA,P_2,109971.0,2859936,46.0,64437.0,45534.0,33582.0
GTAATGCCAGGACGCTACTAACTCAGGTCGTAAAGGGACAGCATA,P_5,110265.0,2814737,51.0,64806.0,45459.0,34778.0
GTGTAAGCAGGAAGACCGATACTCAGCATTGGAAGGGACAGCATA,P_5,110255.0,2839727,50.0,65289.0,44966.0,34822.0
AGGTCCAAAGGACACCTTGAACTCAGGTCGTAAAGGGACAGCATA,P_5,109885.0,2797206,53.0,63701.0,46184.0,35436.0
ATACGACCAGGATTCGGTAGACTCAGAATGCCAAGGCACTGACAA,P_4,109255.0,2818247,48.0,62334.0,46921.0,34638.0
GTGGTGATAGGAAAGGTGACACTCAGGTCGTAAAGGGGCATCAAA,P_2,109723.0,2813923,52.0,63863.0,45860.0,34361.0
CGCTAGTTAGGAGGAACCAAACTCAGGACATCAAGGGTTACGGTA,P_0,109250.0,2787864,56.0,64004.0,45246.0,34200.0
TGTGGTTGAGGAAACTGCTCACTCGCAATGACAAGGCTGTGAACA,P_0,109072.0,2686293,46.0,59915.0,49157.0,38545.0
GTGAGACTAGGACGACAAGAACTCTCCAGTCTAAGGCGGTTGATA,P_5,109241.0,2797562,44.0,63366.0,45875.0,34845.0
ATACGACCAGGAACCTTCAGACTCTACAACCGAAGGCGACCTATA,P_3,109069.0,2777288,45.0,62765.0,46304.0,35060.0
ATCGACAGAGGACGACAAGAACTCTATGCGACAAGGGTGACTCTA,P_2,108776.0,2796424,43.0,64324.0,44452.0,32791.0
ATACGACCAGGAAAGGTGACACTCGCAATGACAAGGTTGACCACA,P_3,108780.0,2870610,50.0,65383.0,43397.0,32538.0
CGACAGTAAGGACGACAAGAACTCAGGTCGTAAAGGGTTACGGTA,P_0,108722.0,2829201,44.0,63777.0,44945.0,34307.0
ACCTCGTAAGGACGACATTCACTCGCTGGATAAAGGTTGACCACA,P_3,108698.0,2861496,48.0,64330.0,44368.0,33603.0
ATCGACAGAGGAGGACGAATACTCACAGTAGCAAGGACATCGTCA,P_0,108604.0,2805712,54.0,64003.0,44601.0,33041.0
ATACGACCAGGAAGACCGATACTCGGAACTGTAAGGGTAACCGAA,P_5,108557.0,2832503,45.0,64299.0,44258.0,33703.0
TATCAGCCAGGATTGGTAGCACTCAGAATGCCAAGGTTCCACTCA,P_1,108190.0,2801267,45.0,63427.0,44763.0,33895.0
ATCGACAGAGGATTCGGTAGACTCTCTGCTTGAAGGGATGGTCTA,P_3,107680.0,2739385,42.0,62156.0,45524.0,34183.0
CAACTTGCAGGACGCTACTAACTCACAGTAGCAAGGTCCTCAACA,P_3,107870.0,2742824,41.0,63137.0,44733.0,34144.0
GGTTGATGAGGAACCTTCAGACTCAGACACCAAAGGGATGGTCTA,P_3,107790.0,2767590,49.0,63600.0,44190.0,33735.0
ATATGCGGAGGAAGACCGATACTCTCTGGAACAAGGTGACAGTGA,P_4,107293.0,2801352,45.0,62303.0,44990.0,33082.0
ATACGACCAGGACTGCTCAAACTCGCAATGACAAGGTTGGATGCA,P_0,107419.0,2771096,53.0,63429.0,43990.0,33503.0
GTGAGACTAGGATACAGCAGACTCAGCATTGGAAGGGATGGTCTA,P_3,107187.0,2730124,51.0,63013.0,44174.0,33288.0
GGTCATTGAGGAAGACCGATACTCCACCATCTAAGGCGGTAAGTA,P_4,106922.0,2749392,46.0,61756.0,45166.0,33187.0
GGTCATTGAGGAGGAACCAAACTCACAGTAGCAAGGACATCGTCA,P_0,107387.0,2793628,41.0,62337.0,45050.0,34547.0
TATCCGGTAGGACGCTACTAACTCTGCTATGGAAGGGGCATCAAA,P_2,107262.0,2814938,43.0,63643.0,43619.0,32728.0
GGTTGATGAGGACTGCTCAAACTCCGCCAATAAAGGGGCATCAAA,P_2,107087.0,2755272,47.0,62986.0,44101.0,33083.0
GGTCTCATAGGAAAGGTGACACTCAGCATTGGAAGGTTGACCACA,P_3,107012.0,2807021,49.0,64215.0,42797.0,31548.0
TATCCGGTAGGACGACATTCACTCTGCTATGGAAGGGTTACGGTA,P_0,107095.0,2739712,48.0,62585.0,44510.0,33491.0
GGTTGATGAGGAGTCTGCTAACTCAGACGAACAAGGGTAACCGAA,P_5,107064.0,2752581,51.0,63085.0,43979.0,33479.0
TGTGGTTGAGGACACCTTGAACTCAGACACCAAAGGGATGGTCTA,P_3,106627.0,2667864,44.0,61647.0,44980.0,33653.0
CGCTAGTTAGGAGATACCGAACTCAGGTCGTAAAGGCGACCTATA,P_2,106410.0,2776300,39.0,62816.0,43594.0,32940.0
ACCTCGTAAGGAGATACCGAACTCCGAACTTGAAGGCGACCTATA,P_2,106003.0,2757358,37.0,59863.0,46140.0,34056.0
GTAATGCCAGGACGACAAGAACTCGCTGGATAAAGGGATGGTCTA,P_3,105942.0,2693832,52.0,61906.0,44036.0,33010.0
CGGTAGAAAGGACTGCTCAAACTCCGCCAATAAAGGGACAGCATA,P_5,105869.0,2713501,48.0,62445.0,43424.0,32979.0
ACCTCGTAAGGAAGGCTAACACTCTCTGGAACAAGGAGATACCGA,P_2,105186.0,2735238,48.0,62463.0,42723.0,31531.0
CGCTAGTTAGGATTCGGTAGACTCCGAACTTGAAGGTTGATGGCA,P_2,105176.0,2718568,50.0,61450.0,43726.0,33040.0
GGTCTCATAGGACTGCTCAAACTCAGACGAACAAGGTTGACCACA,P_3,104865.0,2743028,46.0,61906.0,42959.0,32974.0
GTAATGCCAGGAACCTTCAGACTCTATGCGACAAGGGTGACTCTA,P_2,104887.0,2806344,44.0,64408.0,40479.0,29663.0
TATCAGCCAGGAACCTTCAGACTCTACAACCGAAGGAGATACCGA,P_2,104863.0,2718511,45.0,61214.0,43649.0,33147.0
ATATGCGGAGGAAGATGGTCACTCAGACGAACAAGGTTGGATGCA,P_0,104830.0,2813329,49.0,63744.0,41086.0,30767.0
GTGAGACTAGGACGCTACTAACTCTATGCGACAAGGTGGTCTCAA,P_1,104651.0,2673418,45.0,61134.0,43517.0,32608.0
AATGGCAGAGGACGACAAGAACTCGCAATGACAAGGAGATACCGA,P_2,104686.0,2693930,49.0,60666.0,44020.0,32696.0
AGGTCCAAAGGAAGACCGATACTCACAGTAGCAAGGGACAGCATA,P_5,104656.0,2659339,51.0,61305.0,43351.0,33242.0
CGCTAGTTAGGAACCTTCAGACTCCACCATCTAAGGTTCCACTCA,P_1,104336.0,2706265,46.0,61115.0,43221.0,32033.0
GTGAGACTAGGATGGTCACTACTCGCTGGATAAAGGTCCTCAACA,P_3,104327.0,2667969,42.0,60013.0,44314.0,33920.0
TGTGGTTGAGGACGACATTCACTCCACCATCTAAGGCGGTAAGTA,P_4,104135.0,2708698,40.0,60203.0,43932.0,33233.0
CGGTAGAAAGGACGACAAGAACTCTACAACCGAAGGCGGTAAGTA,P_4,103734.0,2686241,49.0,59921.0,43813.0,32204.0
GGTTGATGAGGACGACATTCACTCGGAACTGTAAGGAGATACCGA,P_2,104051.0,2718226,55.0,60654.0,43397.0,32884.0
AGGTCCAAAGGATTGGTAGCACTCGCTGGATAAAGGTCCAGGATA,P_1,103736.0,2644917,42.0,59816.0,43920.0,32944.0
GTGAGACTAGGAGTCTGCTAACTCAGACACCAAAGGGACAGCATA,P_5,103666.0,2672737,53.0,60119.0,43547.0,33049.0
CAACCAACAGGATACAGCAGACTCCACCATCTAAGGTGACAGTGA,P_4,103101.0,2657551,42.0,58541.0,44560.0,33649.0
CGACAGTAAGGAGGAACCAAACTCTACAACCGAAGGAGATACCGA,P_2,103243.0,2749911,51.0,62050.0,41193.0,30617.0
GTGAGACTAGGACGCTACTAACTCAGGACATCAAGGACATCGTCA,P_0,103123.0,2609138,46.0,60844.0,42279.0,32179.0
ACTAACCGAGGATTCGGTAGACTCTGCTATGGAAGGTTGATGGCA,P_2,102888.0,2702811,47.0,60455.0,42433.0,32008.0
TATCAGCCAGGAACCTTCAGACTCGGAACTGTAAGGTCCAGGATA,P_1,102607.0,2597544,44.0,58618.0,43989.0,33107.0
TATCAGCCAGGAAACTGCTCACTCTCTGCTTGAAGGTTGACCACA,P_3,102471.0,2666609,54.0,59656.0,42815.0,32308.0
GTGTAAGCAGGAACCTTCAGACTCAGAATGCCAAGGTTGATGGCA,P_2,102533.0,2702479,45.0,61202.0,41331.0,31180.0
CAACCAACAGGATACAGCAGACTCAGAATGCCAAGGCGGTAAGTA,P_4,102136.0,2657050,56.0,59639.0,42497.0,31271.0
GGTCTCATAGGAGGAACCAAACTCGCAATGACAAGGTCCAGGATA,P_1,102051.0,2600360,51.0,58917.0,43134.0,32780.0
CAACTTGCAGGAAACTGCTCACTCCACCATCTAAGGTCCTCAACA,P_3,102056.0,2621770,47.0,58892.0,43164.0,32623.0
ATATGCGGAGGATACAGCAGACTCTCCAGTCTAAGGGATGGTCTA,P_3,101552.0,2598506,43.0,59586.0,41966.0,30870.0
ATATGCGGAGGACTGCTCAAACTCTCTGGAACAAGGCGACCTATA,P_3,101750.0,2754414,48.0,63070.0,38680.0,28217.0
GTGAGACTAGGAAAGGTGACACTCCACCATCTAAGGCTGTGAACA,P_0,101682.0,2501662,60.0,55872.0,45810.0,35918.0
GTAATGCCAGGAACCTTCAGACTCAGCATTGGAAGGTTGACCACA,P_3,101264.0,2654712,55.0,60297.0,40967.0,30906.0
TATCCGGTAGGACGACATTCACTCTACAACCGAAGGCGACCTATA,P_3,101122.0,2681180,42.0,58899.0,42223.0,31161.0
GTGTAAGCAGGACGACATTCACTCTAACGGAGAAGGCTGTGAACA,P_0,101017.0,2493420,44.0,57071.0,43946.0,34773.0
GTGAGACTAGGAAGACCGATACTCAGGTCGTAAAGGCTGTGAACA,P_0,101068.0,2460688,55.0,56035.0,45033.0,34798.0
GTGTAAGCAGGAGGACGAATACTCCACCATCTAAGGTTGACCACA,P_3,100843.0,2638668,50.0,59141.0,41702.0,31935.0
CGGTAGAAAGGACTTCAGCAACTCTACAACCGAAGGCGGTAAGTA,P_4,100666.0,2630695,46.0,59234.0,41432.0,30701.0
GGTTGATGAGGACTGCTCAAACTCAGGTCGTAAAGGTTGATGGCA,P_2,100787.0,2630480,56.0,59279.0,41508.0,31278.0
GTGAGACTAGGAAACTGCTCACTCAGAATGCCAAGGGGCATCAAA,P_2,100581.0,2594299,45.0,58570.0,42011.0,31668.0
GTAATGCCAGGAGTCTGCTAACTCAGGTCGTAAAGGTTGACCACA,P_3,100606.0,2629605,42.0,58323.0,42283.0,31776.0
GTGTAAGCAGGAAGGCTAACACTCGCAATGACAAGGTTCCACTCA,P_1,100491.0,2606916,50.0,60126.0,40365.0,30451.0
ATACGACCAGGAAACGATGGACTCCACCATCTAAGGTGGTCTCAA,P_1,100478.0,2596659,48.0,59342.0,41136.0,30602.0
TATCCGGTAGGACGACAAGAACTCAGAATGCCAAGGTCCTCAACA,P_3,100279.0,2617916,45.0,60214.0,40065.0,30109.0
CGCTAGTTAGGAAAGGTGACACTCAGACACCAAAGGAGATACCGA,P_2,100249.0,2610907,48.0,58833.0,41416.0,30523.0
CAACTTGCAGGAAACGATGGACTCTGCTATGGAAGGTTGATGGCA,P_2,100091.0,2621543,49.0,59019.0,41072.0,31021.0
CGACAGTAAGGAGGACGAATACTCGTGTGATGAAGGACATCGTCA,P_0,100074.0,2608288,53.0,58686.0,41388.0,30942.0
ATACGACCAGGATTGGTAGCACTCTCTGGAACAAGGGTTACGGTA,P_0,100042.0,2556482,51.0,58101.0,41941.0,31304.0
TATCAGCCAGGAAGACCGATACTCTCTGGAACAAGGGACAGCATA,P_5,99305.0,2549996,47.0,59062.0,40243.0,30670.0
GTGTAAGCAGGAGGACGAATACTCAGGTCGTAAAGGCTGTGAACA,P_0,99054.0,2440531,61.0,55400.0,43654.0,33741.0
ATATGCGGAGGACGCTACTAACTCGTGTGATGAAGGCGACCTATA,P_3,98774.0,2591040,48.0,57945.0,40829.0,30446.0
CGACAGTAAGGAAGACCGATACTCCACCATCTAAGGCACTGACAA,P_4,98904.0,2659629,44.0,57963.0,40941.0,30501.0
GTGTAAGCAGGACTGCTCAAACTCAGAATGCCAAGGCGGTAAGTA,P_4,98797.0,2610603,53.0,57677.0,41120.0,30068.0
ATATGCGGAGGAAGGCATTGACTCTGCTATGGAAGGCGGTAAGTA,P_4,98595.0,2539940,56.0,56398.0,42197.0,30660.0
AATGGCAGAGGACCATACGAACTCCGAACTTGAAGGACATCGTCA,P_0,98829.0,2458730,53.0,55931.0,42898.0,33280.0
CGGTAGAAAGGAATGGTGTGACTCGCTGGATAAAGGGTTACGGTA,P_0,98831.0,2497445,43.0,57032.0,41799.0,31592.0
TATCAGCCAGGAAACGATGGACTCAGGACATCAAGGTGACAGTGA,P_4,98509.0,2554338,45.0,56436.0,42073.0,31565.0
GTGAGACTAGGAAAGGTGACACTCGCAATGACAAGGGTTACGGTA,P_0,98644.0,2504113,55.0,57085.0,41559.0,31657.0
GTAATGCCAGGACACCTTGAACTCCATCGTTGAAGGCTGTGAACA,P_0,98545.0,2439527,55.0,54954.0,43591.0,33856.0
GTGAGACTAGGAAGGCATTGACTCAGACACCAAAGGTCCTCAACA,P_3,98411.0,2466261,49.0,55577.0,42834.0,32805.0
TGTGGTTGAGGAGATACCGAACTCCGAACTTGAAGGACATCGTCA,P_0,98602.0,2534510,60.0,57638.0,40964.0,31768.0
ATACGACCAGGAAGACCGATACTCTACAACCGAAGGTTGACCACA,P_3,98273.0,2578989,43.0,57647.0,40626.0,30128.0
TATCCGGTAGGACTGCTCAAACTCTACAACCGAAGGGATGGTCTA,P_3,98292.0,2428605,48.0,56951.0,41341.0,32810.0
GTGTAAGCAGGACGACAAGAACTCACAGTAGCAAGGCGACCTATA,P_3,97792.0,2626113,41.0,59239.0,38553.0,28213.0
GGTTGATGAGGAATGGTGTGACTCAGCATTGGAAGGCGACCTATA,P_3,97486.0,2557524,41.0,56282.0,41204.0,30826.0
CGGTAGAAAGGATTCGGTAGACTCTCTGCTTGAAGGTTGATGGCA,P_2,97281.0,2516306,50.0,56680.0,40601.0,30535.0
CGACAGTAAGGAAGGCATTGACTCGCTGGATAAAGGACATCGTCA,P_0,96973.0,2472927,53.0,56330.0,40643.0,30880.0
GTGTAAGCAGGACTGCTCAAACTCACAGTAGCAAGGCTGTGAACA,P_0,96906.0,2402726,54.0,54428.0,42478.0,32743.0
GTAATGCCAGGAGTCTGCTAACTCGGAACTGTAAGGAGATACCGA,P_2,96773.0,2538700,48.0,57498.0,39275.0,29382.0
GGTTGATGAGGAGGACGAATACTCGCTGGATAAAGGTTGATGGCA,P_2,96677.0,2496622,43.0,56085.0,40592.0,30826.0
AGGTCCAAAGGAATGGTGTGACTCGGAACTGTAAGGCGGTAAGTA,P_4,96419.0,2552107,44.0,56170.0,40249.0,30003.0
ATACGACCAGGAACCTTCAGACTCACAGTAGCAAGGCGACCTATA,P_3,96431.0,2507694,47.0,56415.0,40016.0,29607.0
GTGAGACTAGGAGATACCGAACTCGGAACTGTAAGGAGATACCGA,P_2,96536.0,2517964,46.0,56117.0,40419.0,30440.0
GTGTAAGCAGGACGACATTCACTCAGAATGCCAAGGTTGATGGCA,P_2,96214.0,2489640,48.0,56284.0,39930.0,30285.0
CAACCAACAGGAGGACGAATACTCCGAACTTGAAGGTTGATGGCA,P_2,96198.0,2455109,47.0,55309.0,40889.0,30783.0
ATATGCGGAGGAAAGGTGACACTCAGACGAACAAGGCGGTAAGTA,P_4,95882.0,2497563,53.0,55868.0,40014.0,29545.0
GTGAGACTAGGACGACATTCACTCAGACGAACAAGGGTTACGGTA,P_0,96096.0,2482096,57.0,55614.0,40482.0,30903.0
CGACAGTAAGGAGATACCGAACTCTAACGGAGAAGGCACTGACAA,P_2,95603.0,2472233,51.0,54780.0,40823.0,30798.0
CAACCAACAGGACTGCTCAAACTCGCTGGATAAAGGGGCATCAAA,P_2,95994.0,2614140,42.0,58661.0,37333.0,27926.0
GTGTAAGCAGGACACCTTGAACTCTGCTATGGAAGGCGGTAAGTA,P_4,95661.0,2466206,45.0,55611.0,40050.0,29249.0
CGGTAGAAAGGAGGAACCAAACTCCGAACTTGAAGGCTGTGAACA,P_0,95748.0,2385425,60.0,54879.0,40869.0,31621.0
AGGTCCAAAGGACGACAAGAACTCGTGTGATGAAGGTTGGATGCA,P_0,95644.0,2449800,52.0,55035.0,40609.0,30584.0
AGGTCCAAAGGAGGACGAATACTCGCAATGACAAGGCTGTGAACA,P_0,95472.0,2357703,50.0,52970.0,42502.0,33139.0
AAGGCTTGAGGATTGGTAGCACTCCATCGTTGAAGGTTGATGGCA,P_2,95334.0,2458623,44.0,55713.0,39621.0,29676.0
ATACGACCAGGAAGACCGATACTCTATGCGACAAGGTGGTCTCAA,P_1,95044.0,2454200,43.0,55719.0,39325.0,29726.0
GTGTAAGCAGGAATGGTGTGACTCAGGACATCAAGGACATCGTCA,P_0,95144.0,2427855,57.0,54452.0,40692.0,30947.0
GTGAGACTAGGACTTCAGCAACTCCGAACTTGAAGGACATCGTCA,P_0,94898.0,2444617,45.0,55009.0,39889.0,30625.0
CGGTAGAAAGGACGACATTCACTCCACCATCTAAGGTGGTCTCAA,P_1,94759.0,2523246,49.0,56625.0,38134.0,28544.0
AATGGCAGAGGATTGGTAGCACTCCGAACTTGAAGGGATGGTCTA,P_3,94652.0,2416259,59.0,54621.0,40031.0,30264.0
CGCTAGTTAGGAAAGGTGACACTCAGGACATCAAGGTCCTCAACA,P_3,94554.0,2442520,51.0,55245.0,39309.0,29680.0
ATCGACAGAGGATACAGCAGACTCACAGTAGCAAGGTGACAGTGA,P_4,94261.0,2429967,48.0,53614.0,40647.0,29984.0
CAACCAACAGGAACCTTCAGACTCAGGTCGTAAAGGCTGTGAACA,P_0,94145.0,2423593,43.0,54520.0,39625.0,30912.0
GTGGTGATAGGAAGGCTAACACTCAGACGAACAAGGTTGACCACA,P_3,93963.0,2468785,46.0,55772.0,38191.0,27996.0
GTGTAAGCAGGAACCTTCAGACTCTGCTATGGAAGGGATGGTCTA,P_3,93786.0,2425548,53.0,54788.0,38998.0,29292.0
TGTGGTTGAGGAACCTTCAGACTCGGAACTGTAAGGTTGACCACA,P_3,93928.0,2464079,41.0,55872.0,38056.0,28245.0
AATGGCAGAGGACACCTTGAACTCCAGGTGAAAAGGGATGGTCTA,P_3,93765.0,2511831,51.0,57127.0,36638.0,26945.0
GGTCATTGAGGACGCTACTAACTCTAACGGAGAAGGGACAGCATA,P_5,93558.0,2409620,46.0,55534.0,38024.0,29352.0
GGTCATTGAGGAGTCTGCTAACTCTCCAGTCTAAGGGGCATCAAA,P_2,93195.0,2422436,55.0,54348.0,38847.0,28790.0
CAACCAACAGGAGGACGAATACTCAGAATGCCAAGGTTGATGGCA,P_2,93215.0,2434686,55.0,55356.0,37859.0,28521.0
TGTGGTTGAGGAAAGGTGACACTCCGAACTTGAAGGTTGATGGCA,P_2,92988.0,2430807,51.0,54123.0,38865.0,29561.0
ATACGACCAGGAAACGATGGACTCAGAATGCCAAGGGGCATCAAA,P_2,93002.0,2469302,55.0,55159.0,37843.0,28675.0
CGACAGTAAGGAAACTGCTCACTCGCTGGATAAAGGGTCGGTAAA,P_4,92649.0,2404951,40.0,53781.0,38868.0,28887.0
AATGGCAGAGGACGACAAGAACTCCGAACTTGAAGGCGGTAAGTA,P_4,92811.0,2394710,63.0,52699.0,40112.0,29894.0
TACCACAGAGGAGGAACCAAACTCAGGTCGTAAAGGAGATACCGA,P_2,92869.0,2398110,56.0,54433.0,38436.0,28869.0
ATATGCGGAGGACGACATTCACTCAGAATGCCAAGGGACAGCATA,P_5,93020.0,2512670,51.0,53503.0,39517.0,30601.0
GTGAGACTAGGAGGACGAATACTCAGACGAACAAGGCATACCGTA,P_1,92601.0,2447270,49.0,54168.0,38433.0,28929.0
CAACCAACAGGATTGGTAGCACTCAGAATGCCAAGGCTGTGAACA,P_0,92087.0,2271551,52.0,50376.0,41711.0,32094.0
GGTCATTGAGGACGACAAGAACTCGCAATGACAAGGTTGATGGCA,P_2,92055.0,2415726,46.0,54383.0,37672.0,28354.0
ACTAACCGAGGATACAGCAGACTCTATGCGACAAGGCACTGACAA,P_4,91769.0,2404950,44.0,52971.0,38798.0,29082.0
CGACAGTAAGGAGTCTGCTAACTCTCTGCTTGAAGGACATCGTCA,P_0,91814.0,2334051,70.0,53170.0,38644.0,29932.0
GTAATGCCAGGAGATACCGAACTCCATCGTTGAAGGTGACAGTGA,P_2,91614.0,2354230,36.0,52743.0,38871.0,28865.0
ATACGACCAGGAAACTGCTCACTCGTGTGATGAAGGTCCAGGATA,P_1,91493.0,2309653,50.0,51929.0,39564.0,30147.0
ATATGCGGAGGATTCGGTAGACTCAGACGAACAAGGGATGGTCTA,P_3,91361.0,2406757,48.0,55018.0,36343.0,27260.0
TGTGGTTGAGGAAGACCGATACTCTCTGGAACAAGGGGCATCAAA,P_2,91301.0,2355538,56.0,52229.0,39072.0,29003.0
GTGAGACTAGGAAGGCATTGACTCCGCCAATAAAGGTGGTCTCAA,P_1,91388.0,2147042,41.0,45938.0,45450.0,34021.0
TATCAGCCAGGAGATACCGAACTCCGCCAATAAAGGCGGTAAGTA,P_2,91174.0,2380551,48.0,52962.0,38212.0,28325.0
GGTCTCATAGGAAGATGGTCACTCGCAATGACAAGGTTGATGGCA,P_2,91341.0,2397062,43.0,53832.0,37509.0,28402.0
GGTTGATGAGGAGTCTGCTAACTCTACAACCGAAGGCACTGACAA,P_4,91018.0,2334225,50.0,52311.0,38707.0,28506.0
GTGGTGATAGGACGACAAGAACTCTCTGGAACAAGGAGATACCGA,P_2,91174.0,2436576,48.0,54286.0,36888.0,27072.0
GTAATGCCAGGAGTCTGCTAACTCTACAACCGAAGGGTAACCGAA,P_5,91272.0,2370596,53.0,53399.0,37873.0,29315.0
GGTCTCATAGGAAGGCTAACACTCCACCATCTAAGGGTTACGGTA,P_0,91151.0,2375311,54.0,53315.0,37836.0,28469.0
AGGTCCAAAGGACTTCAGCAACTCACAGTAGCAAGGTTGACCACA,P_3,90857.0,2336714,58.0,52926.0,37931.0,28169.0
TACCACAGAGGACTTCAGCAACTCTACAACCGAAGGTTGATGGCA,P_2,90476.0,2280635,47.0,52227.0,38249.0,28684.0
GTGTAAGCAGGAACCTTCAGACTCGTGTGATGAAGGCGGTAAGTA,P_4,89934.0,2349695,49.0,51905.0,38029.0,28233.0
AGGTCCAAAGGACGACAAGAACTCACAGTAGCAAGGTGACAGTGA,P_4,89799.0,2325706,45.0,52389.0,37410.0,27368.0
GGTCATTGAGGAGGAACCAAACTCTCTGCTTGAAGGTTGGATGCA,P_0,90287.0,2334150,52.0,53426.0,36861.0,27789.0
CGCTAGTTAGGACGACATTCACTCCGCCAATAAAGGGGCATCAAA,P_2,90154.0,2481364,61.0,56217.0,33937.0,25083.0
ATACGACCAGGAGTCTGCTAACTCCATCGTTGAAGGTTGGATGCA,P_0,90023.0,2361799,47.0,53736.0,36287.0,27067.0
TGTGGTTGAGGACTTCAGCAACTCCAGGTGAAAAGGCGACCTATA,P_3,89890.0,2410502,48.0,54792.0,35098.0,25500.0
GGTTGATGAGGACCATACGAACTCTACAACCGAAGGTGACAGTGA,P_4,89331.0,2286035,55.0,50937.0,38394.0,28604.0
AAGGCTTGAGGACGACATTCACTCAGACGAACAAGGCACTGACAA,P_4,89090.0,2339854,45.0,52142.0,36948.0,26938.0
ATCGACAGAGGATTCGGTAGACTCTACAACCGAAGGGTCGGTAAA,P_4,89061.0,2293817,56.0,51328.0,37733.0,27810.0
AATGGCAGAGGACTGCTCAAACTCTACAACCGAAGGGTGACTCTA,P_2,89311.0,2301725,64.0,51530.0,37781.0,28967.0
CAACCAACAGGAAGGCTAACACTCCGCCAATAAAGGTTGATGGCA,P_2,89206.0,2320937,43.0,52144.0,37062.0,27522.0
ACCTCGTAAGGATTCGGTAGACTCAGCATTGGAAGGTGACAGTGA,P_4,89015.0,2360092,44.0,52522.0,36493.0,26699.0
TACCACAGAGGAGGAACCAAACTCTACAACCGAAGGAGATACCGA,P_2,89155.0,2333223,55.0,52038.0,37117.0,28062.0
TGTGGTTGAGGACGCTACTAACTCAGAATGCCAAGGTCCAGGATA,P_1,89038.0,2278141,52.0,51389.0,37649.0,28620.0
CGACAGTAAGGAAAGGTGACACTCAGGTCGTAAAGGGATGGTCTA,P_3,89012.0,2345934,55.0,51756.0,37256.0,28030.0
ATACGACCAGGAAGGCATTGACTCTCCAGTCTAAGGGATGGTCTA,P_3,89029.0,2235125,45.0,52283.0,36746.0,27802.0
TACCACAGAGGACGACATTCACTCTACAACCGAAGGCGGTAAGTA,P_4,88671.0,2382426,46.0,50753.0,37918.0,28283.0
GTGGTGATAGGACGCTACTAACTCTCTGCTTGAAGGAGATACCGA,P_2,88845.0,2316127,54.0,51820.0,37025.0,27726.0
TATCCGGTAGGAAGGCTAACACTCGGAACTGTAAGGTTGACCACA,P_3,88807.0,2342299,56.0,52978.0,35829.0,26252.0
CGGTAGAAAGGATTCGGTAGACTCCGCCAATAAAGGGGCATCAAA,P_2,88911.0,2341195,52.0,53395.0,35516.0,25889.0
ATACGACCAGGAGATACCGAACTCTCTGGAACAAGGCACTGACAA,P_2,88471.0,2285376,51.0,50651.0,37820.0,27821.0
GTAATGCCAGGACGACATTCACTCAGCATTGGAAGGTTGACCACA,P_3,88558.0,2351938,55.0,52288.0,36270.0,27155.0
GTGAGACTAGGACTTCAGCAACTCAGGACATCAAGGGATGGTCTA,P_3,88386.0,2398328,48.0,55091.0,33295.0,24452.0
GGTCTCATAGGACACCTTGAACTCGTGTGATGAAGGGTAACCGAA,P_5,88532.0,2292580,57.0,51825.0,36707.0,27989.0
ATACGACCAGGAACCTTCAGACTCAGCATTGGAAGGCGGTAAGTA,P_4,88270.0,2327779,56.0,51231.0,37039.0,27539.0
ACTAACCGAGGATTCGGTAGACTCAGCATTGGAAGGCGACCTATA,P_3,88105.0,2316409,45.0,51711.0,36394.0,26898.0
TGTGGTTGAGGAGTCTGCTAACTCTGCTATGGAAGGTTGATGGCA,P_2,87456.0,2304494,47.0,51651.0,35805.0,26349.0
CGACAGTAAGGAGGACGAATACTCACAGTAGCAAGGGATGGTCTA,P_3,87351.0,2122085,51.0,47823.0,39528.0,29818.0
GGTCTCATAGGATACAGCAGACTCCATCGTTGAAGGTCCAGGATA,P_1,87083.0,2098563,42.0,46265.0,40818.0,31077.0
ATACGACCAGGACTGCTCAAACTCTCCAGTCTAAGGTCCAGGATA,P_1,86773.0,2201824,47.0,50250.0,36523.0,27903.0
CGGTAGAAAGGAACCTTCAGACTCGCAATGACAAGGTTGGATGCA,P_0,87059.0,2292695,54.0,51676.0,35383.0,26607.0
TATCAGCCAGGACACCTTGAACTCCGCCAATAAAGGTGGTCTCAA,P_1,86548.0,2250394,50.0,51342.0,35206.0,25855.0
AATGGCAGAGGATTGGTAGCACTCCATCGTTGAAGGTTGACCACA,P_3,86710.0,2199194,54.0,51701.0,35009.0,26591.0
GGTCATTGAGGACTGCTCAAACTCGGAACTGTAAGGTTGATGGCA,P_2,86375.0,2258097,48.0,50370.0,36005.0,27066.0
ATATGCGGAGGACACCTTGAACTCTGCTATGGAAGGCGACCTATA,P_3,86209.0,2335929,50.0,53065.0,33144.0,24348.0
ATCGACAGAGGAAACTGCTCACTCTCCAGTCTAAGGCGGTTGATA,P_5,86206.0,2169464,55.0,50460.0,35746.0,27486.0
CGGTAGAAAGGAAAGGTGACACTCTGCTATGGAAGGTTGGATGCA,P_0,86071.0,2249250,79.0,50639.0,35432.0,26297.0
CGGTAGAAAGGATACAGCAGACTCTACAACCGAAGGTGGTCTCAA,P_1,85917.0,2177475,52.0,49079.0,36838.0,27935.0
TACCACAGAGGACTTCAGCAACTCAGACGAACAAGGAGATACCGA,P_2,85844.0,2257667,53.0,50763.0,35081.0,26373.0
CGGTAGAAAGGAAACGATGGACTCAGAATGCCAAGGAGATACCGA,P_2,85608.0,2249270,46.0,49589.0,36019.0,26545.0
GTGAGACTAGGAAACTGCTCACTCCACCATCTAAGGTTGGATGCA,P_0,85480.0,2253383,64.0,51996.0,33484.0,25245.0
AAGGCTTGAGGACGACAAGAACTCCACCATCTAAGGCGGTAAGTA,P_4,85118.0,2262629,50.0,49703.0,35415.0,25864.0
GGTCATTGAGGAAACGATGGACTCTCCAGTCTAAGGGATGGTCTA,P_3,84992.0,2195661,42.0,49401.0,35591.0,26875.0
